run_id,ticker,answer,feed_decimals
1,AAPL,33640032177,8
1,COIN,20009400000,8
1,CRCL,9317500000,8
1,DELL,53473801525,8
1,GLD,395082140192740000000,18
1,GME,2418565000,8
1,GOOGL,33826058426,8
1,INTC,12392900000,8
1,META,76582944151,8
1,MSTR,16258855000,8
1,NVDA,22197193030,8
1,QQQ,73770606590,8
1,RDDT,151569094990950000000,18
1,SGOV,10113835594,8
1,SPCX,14791650000,8
1,SPY,76669992468,8
1,TSLA,37789000000,8
1,TSM,44331077688,8
2,AAPL,33640032177,8
2,COIN,19545000000,8
2,CRCL,9179430000,8
2,DELL,53197323912,8
2,GLD,394253379611000000000,18
2,GME,2419500000,8
2,GOOGL,33834560075,8
2,INTC,12263000000,8
2,META,76540721301,8
2,MSTR,16049500000,8
2,NVDA,22197193030,8
2,QQQ,73770606590,8
2,RDDT,151569094990950000000,18
2,SGOV,10113835594,8
2,SPCX,14717150000,8
2,SPY,76669992468,8
2,TSLA,37789000000,8
2,TSM,44331077688,8
3,AAPL,33809628128,8
3,COIN,19881500000,8
3,CRCL,9303500000,8
3,DELL,53478106799,8
3,GLD,393620334658865700000,18
3,GME,2447500000,8
3,GOOGL,34191804340,8
3,INTC,12421290000,8
3,META,76598712684,8
3,MSTR,16153500000,8
3,NVDA,22325307262,8
3,QQQ,73770606590,8
3,RDDT,151917016770700650000,18
3,SGOV,10113835594,8
3,SPCX,14792150000,8
3,SPY,76669992468,8
3,TSLA,37824000000,8
3,TSM,44822445521,8
4,AAPL,33809628128,8
4,COIN,19982000000,8
4,CRCL,9303500000,8
4,DELL,53478106799,8
4,GLD,393620334658865700000,18
4,GME,2460700000,8
4,GOOGL,34191804340,8
4,INTC,12489000000,8
4,META,76989529181,8
4,MSTR,16238315000,8
4,NVDA,22325307262,8
4,QQQ,73770606590,8
4,RDDT,152008189216183950000,18
4,SGOV,10113835594,8
4,SPCX,14792150000,8
4,SPY,76669992468,8
4,TSLA,37824000000,8
4,TSM,44822445521,8
5,AAPL,33809628128,8
5,COIN,19861400000,8
5,CRCL,9300999999,8
5,DELL,53754624414,8
5,GLD,393620334658865700000,18
5,GME,2473300000,8
5,GOOGL,34191804340,8
5,INTC,12554500000,8
5,META,76989529181,8
5,MSTR,16242500000,8
5,NVDA,22440881781,8
5,QQQ,74178447201,8
5,RDDT,152129838142034400000,18
5,SGOV,10113835594,8
5,SPCX,14792955000,8
5,SPY,76669992468,8
5,TSLA,38246000000,8
5,TSM,45317443657,8
6,AAPL,33809628128,8
6,COIN,19861400000,8
6,CRCL,9300999999,8
6,DELL,53754624414,8
6,GLD,393620334658865700000,18
6,GME,2473300000,8
6,GOOGL,34191804340,8
6,INTC,12554500000,8
6,META,76989529181,8
6,MSTR,16242500000,8
6,NVDA,22440881781,8
6,QQQ,74178447201,8
6,RDDT,152129838142034400000,18
6,SGOV,10113835594,8
6,SPCX,14792955000,8
6,SPY,76669992468,8
6,TSLA,38246000000,8
6,TSM,45317443657,8
7,AAPL,33809628128,8
7,COIN,19861400000,8
7,CRCL,9195400000,8
7,DELL,53475276619,8
7,GLD,393620334658865700000,18
7,GME,2474500000,8
7,GOOGL,34191804340,8
7,INTC,12560000000,8
7,META,77018880065,8
7,MSTR,16144500000,8
7,NVDA,22440881781,8
7,QQQ,74178447201,8
7,RDDT,152038592697795750000,18
7,SGOV,10113835594,8
7,SPCX,14792955000,8
7,SPY,76669992468,8
7,TSLA,38047110000,8
7,TSM,45065225194,8
8,AAPL,33809628128,8
8,COIN,19860900000,8
8,CRCL,9332500000,8
8,DELL,53760024758,8
8,GLD,393620334658865700000,18
8,GME,2517500000,8
8,GOOGL,34191804340,8
8,INTC,12636000000,8
8,META,77433304338,8
8,MSTR,16225500000,8
8,NVDA,22440881781,8
8,QQQ,74178447201,8
8,RDDT,152023389957006900000,18
8,SGOV,10113835594,8
8,SPCX,14792955000,8
8,SPY,76669992468,8
8,TSLA,37837300000,8
8,TSM,44832875758,8
10,AAPL,33809628128,8
10,COIN,19860900000,8
10,CRCL,9282360000,8
10,DELL,53760024758,8
10,GLD,393620334658865700000,18
10,GME,2517500000,8
10,GOOGL,34191804340,8
10,INTC,12636000000,8
10,META,77433304338,8
10,MSTR,16225500000,8
10,NVDA,22440881781,8
10,QQQ,74178447201,8
10,RDDT,152023389957006900000,18
10,SGOV,10113835594,8
10,SPCX,14792955000,8
10,SPY,76669992468,8
10,TSLA,37837300000,8
10,TSM,44832875758,8
11,AAPL,33809628128,8
11,COIN,19963490000,8
11,CRCL,9282360000,8
11,DELL,54446773507,8
11,GLD,393620334658865700000,18
11,GME,2502400000,8
11,GOOGL,34191804340,8
11,INTC,12636000000,8
11,META,77824616103,8
11,MSTR,16310000000,8
11,NVDA,22440881781,8
11,QQQ,74178447201,8
11,RDDT,152023389957006900000,18
11,SGOV,10113835594,8
11,SPCX,14713515000,8
11,SPY,76669992468,8
11,TSLA,37834000000,8
11,TSM,45057143388,8
12,AAPL,33630526799,8
12,COIN,19962000000,8
12,CRCL,9267216156,8
12,DELL,53562897200,8
12,GLD,393620334658865700000,18
12,GME,2502400000,8
12,GOOGL,34191804340,8
12,INTC,12708100000,8
12,META,77824616103,8
12,MSTR,16140000000,8
12,NVDA,22440881781,8
12,QQQ,74178447201,8
12,RDDT,152023389957006900000,18
12,SGOV,10113835594,8
12,SPCX,14788507500,8
12,SPY,76669992468,8
12,TSLA,37834000000,8
12,TSM,45057143388,8
13,AAPL,33630526799,8
13,COIN,19847000000,8
13,CRCL,9267216156,8
13,DELL,53562897200,8
13,GLD,393620334658865700000,18
13,GME,2502400000,8
13,GOOGL,34191804340,8
13,INTC,12708100000,8
13,META,77824616103,8
13,MSTR,16047600000,8
13,NVDA,22440881781,8
13,QQQ,74178447201,8
13,RDDT,152008189216183950000,18
13,SGOV,10113835594,8
13,SPCX,14788507500,8
13,SPY,76669992468,8
13,TSLA,37834000000,8
13,TSM,45057143388,8
14,AAPL,33630526799,8
14,COIN,19847000000,8
14,CRCL,9267216156,8
14,DELL,53562897200,8
14,GLD,393620334658865700000,18
14,GME,2483945000,8
14,GOOGL,34191804340,8
14,INTC,12708100000,8
14,META,77824616103,8
14,MSTR,16047600000,8
14,NVDA,22440881781,8
14,QQQ,74178447201,8
14,RDDT,152008189216183950000,18
14,SGOV,10113835594,8
14,SPCX,14788507500,8
14,SPY,76669992468,8
14,TSLA,37834000000,8
14,TSM,45057143388,8
15,AAPL,33630526799,8
15,COIN,19847000000,8
15,CRCL,9267216156,8
15,DELL,53562897200,8
15,GLD,393620334658865700000,18
15,GME,2483945000,8
15,GOOGL,34191804340,8
15,INTC,12772555000,8
15,META,77824616103,8
15,MSTR,16132990000,8
15,NVDA,22440881781,8
15,QQQ,74178447201,8
15,RDDT,152008189216183950000,18
15,SGOV,10113835594,8
15,SPCX,14788507500,8
15,SPY,76669992468,8
15,TSLA,37834000000,8
15,TSM,45057143388,8
16,AAPL,33630526799,8
16,COIN,19847000000,8
16,CRCL,9267216156,8
16,DELL,53562897200,8
16,GLD,393620334658865700000,18
16,GME,2483945000,8
16,GOOGL,34191804340,8
16,INTC,12772555000,8
16,META,77824616103,8
16,MSTR,16132990000,8
16,NVDA,22440881781,8
16,QQQ,74178447201,8
16,RDDT,152008189216183950000,18
16,SGOV,10113835594,8
16,SPCX,14788507500,8
16,SPY,76669992468,8
16,TSLA,37834000000,8
16,TSM,45057143388,8
17,AAPL,33630526799,8
17,COIN,19847000000,8
17,CRCL,9267216156,8
17,DELL,53562897200,8
17,GLD,393620334658865700000,18
17,GME,2483945000,8
17,GOOGL,34191804340,8
17,INTC,12772555000,8
17,META,77824616103,8
17,MSTR,16132990000,8
17,NVDA,22440881781,8
17,QQQ,74178447201,8
17,RDDT,152008189216183950000,18
17,SGOV,10113835594,8
17,SPCX,14788507500,8
17,SPY,76669992468,8
17,TSLA,37834000000,8
17,TSM,45057143388,8
18,AAPL,33630526799,8
18,COIN,19956000000,8
18,CRCL,9273500000,8
18,DELL,53562897200,8
18,GLD,393620334658865700000,18
18,GME,2483945000,8
18,GOOGL,34191804340,8
18,INTC,12708600000,8
18,META,77824616103,8
18,MSTR,16221500000,8
18,NVDA,22440881781,8
18,QQQ,74178447201,8
18,RDDT,152008189216183950000,18
18,SGOV,10117856572,8
18,SPCX,14788507500,8
18,SPY,76669992468,8
18,TSLA,37834000000,8
18,TSM,45057143388,8
19,AAPL,33630526799,8
19,COIN,19956000000,8
19,CRCL,9273500000,8
19,DELL,53853430709,8
19,GLD,394014131944507500000,18
19,GME,2483945000,8
19,GOOGL,34191804340,8
19,INTC,12708600000,8
19,META,77824616103,8
19,MSTR,16221500000,8
19,NVDA,22440881781,8
19,QQQ,74178447201,8
19,RDDT,152008189216183950000,18
19,SGOV,10117856572,8
19,SPCX,14788507500,8
19,SPY,76669992468,8
19,TSLA,37834000000,8
19,TSM,45057143388,8
20,AAPL,33630526799,8
20,COIN,19956000000,8
20,CRCL,9274500000,8
20,DELL,54123947941,8
20,GLD,394014131944507500000,18
20,GME,2483945000,8
20,GOOGL,34191804340,8
20,INTC,12840000000,8
20,META,77824616103,8
20,MSTR,16205500000,8
20,NVDA,22440881781,8
20,QQQ,74178447201,8
20,RDDT,152008189216183950000,18
20,SGOV,10117856572,8
20,SPCX,14788507500,8
20,SPY,76669992468,8
20,TSLA,37834000000,8
20,TSM,45284655756,8
21,AAPL,33630526799,8
21,COIN,19956000000,8
21,CRCL,9324000000,8
21,DELL,54123447910,8
21,GLD,394014131944507500000,18
21,GME,2497000000,8
21,GOOGL,34191804340,8
21,INTC,12840000000,8
21,META,77824616103,8
21,MSTR,16381500000,8
21,NVDA,22440881781,8
21,QQQ,74178447201,8
21,RDDT,151992990475326900000,18
21,SGOV,10117856572,8
21,SPCX,14788507500,8
21,SPY,76669992468,8
21,TSLA,37834000000,8
21,TSM,45284655756,8
22,AAPL,33630526799,8
22,COIN,19855500000,8
22,CRCL,9273500000,8
22,DELL,54123447910,8
22,GLD,394014131944507500000,18
22,GME,2497000000,8
22,GOOGL,34191804340,8
22,INTC,12840000000,8
22,META,77824616103,8
22,MSTR,16299000000,8
22,NVDA,22440881781,8
22,QQQ,74178447201,8
22,RDDT,151992990475326900000,18
22,SGOV,10117856572,8
22,SPCX,14788507500,8
22,SPY,76669992468,8
22,TSLA,37834000000,8
22,TSM,45284655756,8
23,AAPL,33630526799,8
23,COIN,19855500000,8
23,CRCL,9273500000,8
23,DELL,54123447910,8
23,GLD,394014131944507500000,18
23,GME,2497000000,8
23,GOOGL,34191804340,8
23,INTC,12840000000,8
23,META,77824616103,8
23,MSTR,16211500000,8
23,NVDA,22440881781,8
23,QQQ,74178447201,8
23,RDDT,151992990475326900000,18
23,SGOV,10117856572,8
23,SPCX,14788507500,8
23,SPY,76669992468,8
23,TSLA,37834000000,8
23,TSM,45284655756,8
24,AAPL,33630526799,8
24,COIN,19855500000,8
24,CRCL,9273500000,8
24,DELL,54123447910,8
24,GLD,394014131944507500000,18
24,GME,2497000000,8
24,GOOGL,34191804340,8
24,INTC,12840000000,8
24,META,77824616103,8
24,MSTR,16211500000,8
24,NVDA,22440881781,8
24,QQQ,74178447201,8
24,RDDT,151325723852416800000,18
24,SGOV,10117856572,8
24,SPCX,14788507500,8
24,SPY,76843289680,8
24,TSLA,37834000000,8
24,TSM,45284655756,8
25,AAPL,33630526799,8
25,COIN,19855500000,8
25,CRCL,9273500000,8
25,DELL,54123447910,8
25,GLD,394014131944507500000,18
25,GME,2497000000,8
25,GOOGL,34191804340,8
25,INTC,12840000000,8
25,META,77824616103,8
25,MSTR,16211500000,8
25,NVDA,22440881781,8
25,QQQ,74178447201,8
25,RDDT,151340855594416200000,18
25,SGOV,10117856572,8
25,SPCX,14788507500,8
25,SPY,76843289680,8
25,TSLA,37834000000,8
25,TSM,45284655756,8
26,AAPL,33630526799,8
26,COIN,19855500000,8
26,CRCL,9273500000,8
26,DELL,54123447910,8
26,GLD,395830680971818500000,18
26,GME,2497000000,8
26,GOOGL,34191804340,8
26,INTC,12840000000,8
26,META,77824616103,8
26,MSTR,16211500000,8
26,NVDA,22440881781,8
26,QQQ,74178447201,8
26,RDDT,151477117271115000000,18
26,SGOV,10117856572,8
26,SPCX,14862500000,8
26,SPY,76843289680,8
26,TSLA,37834000000,8
26,TSM,45284655756,8
27,AAPL,33630526799,8
27,COIN,19855500000,8
27,CRCL,9273500000,8
27,DELL,54428967373,8
27,GLD,395395528391296500000,18
27,GME,2497000000,8
27,GOOGL,34191804340,8
27,INTC,12987000000,8
27,META,77824616103,8
27,MSTR,16211500000,8
27,NVDA,22557472086,8
27,QQQ,74178447201,8
27,RDDT,151810716583149750000,18
27,SGOV,10117856572,8
27,SPCX,14862500000,8
27,SPY,76843289680,8
27,TSLA,38024500000,8
27,TSM,45513490058,8
28,AAPL,33630526799,8
28,COIN,19855500000,8
28,CRCL,9273500000,8
28,DELL,54428967373,8
28,GLD,395395528391296500000,18
28,GME,2497000000,8
28,GOOGL,34191804340,8
28,INTC,12920999999,8
28,META,77824616103,8
28,MSTR,16126000000,8
28,NVDA,22557472086,8
28,QQQ,74178447201,8
28,RDDT,151841081065426500000,18
28,SGOV,10117856572,8
28,SPCX,14862500000,8
28,SPY,76843289680,8
28,TSLA,38024500000,8
28,TSM,45513490058,8
29,AAPL,33630526799,8
29,COIN,19753500000,8
29,CRCL,9218000000,8
29,DELL,54428967373,8
29,GLD,395395528391296500000,18
29,GME,2497000000,8
29,GOOGL,34191804340,8
29,INTC,12986500000,8
29,META,77824616103,8
29,MSTR,16122500000,8
29,NVDA,22557472086,8
29,QQQ,74178447201,8
29,RDDT,151841081065426500000,18
29,SGOV,10117856572,8
29,SPCX,14862500000,8
29,SPY,76843289680,8
29,TSLA,38024500000,8
29,TSM,45513490058,8
30,AAPL,33630526799,8
30,COIN,19753500000,8
30,CRCL,9164250000,8
30,DELL,54708055152,8
30,GLD,395395528391296500000,18
30,GME,2497000000,8
30,GOOGL,34191804340,8
30,INTC,12918140000,8
30,META,77824616103,8
30,MSTR,16122500000,8
30,NVDA,22557472086,8
30,QQQ,74178447201,8
30,RDDT,151841081065426500000,18
30,SGOV,10117856572,8
30,SPCX,14862500000,8
30,SPY,76843289680,8
30,TSLA,38024500000,8
30,TSM,45513490058,8
31,AAPL,33630526799,8
31,COIN,19854000000,8
31,CRCL,9213255000,8
31,DELL,55071723319,8
31,GLD,395395528391296500000,18
31,GME,2497000000,8
31,GOOGL,34191804340,8
31,INTC,12986000000,8
31,META,77824616103,8
31,MSTR,16211000000,8
31,NVDA,22557472086,8
31,QQQ,74570081463,8
31,RDDT,152023389957006900000,18
31,SGOV,10117856572,8
31,SPCX,14862500000,8
31,SPY,76843289680,8
31,TSLA,38024500000,8
31,TSM,45513490058,8
32,AAPL,33630526799,8
32,COIN,19982500000,8
32,CRCL,9263540000,8
32,DELL,54696229399,8
32,GLD,395395528391296500000,18
32,GME,2497000000,8
32,GOOGL,34366663242,8
32,INTC,12986000000,8
32,META,77824616103,8
32,MSTR,16378475000,8
32,NVDA,22557472086,8
32,QQQ,74570081463,8
32,RDDT,152190699104337300000,18
32,SGOV,10117856572,8
32,SPCX,14938690000,8
32,SPY,76843289680,8
32,TSLA,38024500000,8
32,TSM,45513490058,8
33,AAPL,33630526799,8
33,COIN,19982500000,8
33,CRCL,9263540000,8
33,DELL,54696229399,8
33,GLD,395395528391296500000,18
33,GME,2497000000,8
33,GOOGL,34366663242,8
33,INTC,12986000000,8
33,META,77824616103,8
33,MSTR,16291500000,8
33,NVDA,22557472086,8
33,QQQ,74570081463,8
33,RDDT,152861780662201650000,18
33,SGOV,10117856572,8
33,SPCX,14938690000,8
33,SPY,76843289680,8
33,TSLA,38024500000,8
33,TSM,45513490058,8
34,AAPL,33630526799,8
34,COIN,19982500000,8
34,CRCL,9311095000,8
34,DELL,54696229399,8
34,GLD,395395528391296500000,18
34,GME,2497000000,8
34,GOOGL,34366663242,8
34,INTC,12920500000,8
34,META,77824616103,8
34,MSTR,16291500000,8
34,NVDA,22557472086,8
34,QQQ,74570081463,8
34,RDDT,152861780662201650000,18
34,SGOV,10117856572,8
34,SPCX,14938690000,8
34,SPY,76843289680,8
34,TSLA,38024500000,8
34,TSM,45513490058,8
35,AAPL,33630526799,8
35,COIN,20103525000,8
35,CRCL,9358500000,8
35,DELL,54696229399,8
35,GLD,395395528391296500000,18
35,GME,2497000000,8
35,GOOGL,34366663242,8
35,INTC,12920500000,8
35,META,77824616103,8
35,MSTR,16459600000,8
35,NVDA,22557472086,8
35,QQQ,74570081463,8
35,RDDT,152861780662201650000,18
35,SGOV,10117856572,8
35,SPCX,14938690000,8
35,SPY,76843289680,8
35,TSLA,38024500000,8
35,TSM,45513490058,8
36,AAPL,33630526799,8
36,COIN,20103525000,8
36,CRCL,9358500000,8
36,DELL,54696229399,8
36,GLD,395395528391296500000,18
36,GME,2497000000,8
36,GOOGL,34366663242,8
36,INTC,12920500000,8
36,META,77420322312,8
36,MSTR,16459600000,8
36,NVDA,22557472086,8
36,QQQ,74570081463,8
36,RDDT,152846495922810900000,18
36,SGOV,10117856572,8
36,SPCX,14938690000,8
36,SPY,76843289680,8
36,TSLA,38221500000,8
36,TSM,45513490058,8
37,AAPL,33630526799,8
37,COIN,20103525000,8
37,CRCL,9358500000,8
37,DELL,54696229399,8
37,GLD,395395528391296500000,18
37,GME,2497000000,8
37,GOOGL,34366663242,8
37,INTC,12852500000,8
37,META,77420322312,8
37,MSTR,16459600000,8
37,NVDA,22557472086,8
37,QQQ,74570081463,8
37,RDDT,152846495922810900000,18
37,SGOV,10117856572,8
37,SPCX,14938690000,8
37,SPY,76843289680,8
37,TSLA,38221500000,8
37,TSM,45513490058,8
38,AAPL,33630526799,8
38,COIN,20103525000,8
38,CRCL,9358500000,8
38,DELL,54696229399,8
38,GLD,395395528391296500000,18
38,GME,2483510000,8
38,GOOGL,34366663242,8
38,INTC,12852500000,8
38,META,77420322312,8
38,MSTR,16459600000,8
38,NVDA,22557472086,8
38,QQQ,74570081463,8
38,RDDT,152846495922810900000,18
38,SGOV,10117856572,8
38,SPCX,14938690000,8
38,SPY,76843289680,8
38,TSLA,38221500000,8
38,TSM,45513490058,8
39,AAPL,33630526799,8
39,COIN,19992030000,8
39,CRCL,9299500000,8
39,DELL,54696229399,8
39,GLD,395395528391296500000,18
39,GME,2483510000,8
39,GOOGL,34366663242,8
39,INTC,12784800000,8
39,META,77026389129,8
39,MSTR,16349500000,8
39,NVDA,22557472086,8
39,QQQ,74570081463,8
39,RDDT,152846495922810900000,18
39,SGOV,10117856572,8
39,SPCX,14938690000,8
39,SPY,76843289680,8
39,TSLA,38221500000,8
39,TSM,45513490058,8
40,AAPL,33630526799,8
40,COIN,19992030000,8
40,CRCL,9299500000,8
40,DELL,54696229399,8
40,GLD,395395528391296500000,18
40,GME,2483510000,8
40,GOOGL,34366663242,8
40,INTC,12784800000,8
40,META,77026389129,8
40,MSTR,16349500000,8
40,NVDA,22557472086,8
40,QQQ,74570081463,8
40,RDDT,152846495922810900000,18
40,SGOV,10117856572,8
40,SPCX,14938690000,8
40,SPY,76843289680,8
40,TSLA,38221500000,8
40,TSM,45513490058,8
41,AAPL,33630526799,8
41,COIN,19992030000,8
41,CRCL,9299500000,8
41,DELL,54696229399,8
41,GLD,395395528391296500000,18
41,GME,2483510000,8
41,GOOGL,34366663242,8
41,INTC,12784800000,8
41,META,77026389129,8
41,MSTR,16349500000,8
41,NVDA,22557472086,8
41,QQQ,74570081463,8
41,RDDT,152846495922810900000,18
41,SGOV,10117856572,8
41,SPCX,14938690000,8
41,SPY,76843289680,8
41,TSLA,37907725000,8
41,TSM,45513490058,8
42,AAPL,33630526799,8
42,COIN,19992030000,8
42,CRCL,9299500000,8
42,DELL,54696229399,8
42,GLD,395395528391296500000,18
42,GME,2483510000,8
42,GOOGL,34366663242,8
42,INTC,12705000000,8
42,META,77026389129,8
42,MSTR,16349500000,8
42,NVDA,22557472086,8
42,QQQ,74570081463,8
42,RDDT,152846495922810900000,18
42,SGOV,10117856572,8
42,SPCX,14938690000,8
42,SPY,76843289680,8
42,TSLA,38184500000,8
42,TSM,45513490058,8
43,AAPL,33630526799,8
43,COIN,19693500000,8
43,CRCL,9019800000,8
43,DELL,55420325527,8
43,GLD,395395528391296500000,18
43,GME,2470600000,8
43,GOOGL,34575203676,8
43,INTC,12570000000,8
43,META,75336269492,8
43,MSTR,15948600000,8
43,NVDA,22559273482,8
43,QQQ,74570081463,8
43,RDDT,153213749661027900000,18
43,SGOV,10117856572,8
43,SPCX,14852625000,8
43,SPY,76843289680,8
43,TSLA,37093600000,8
43,TSM,45202065102,8
44,AAPL,33630526799,8
44,COIN,19456365000,8
44,CRCL,8897500000,8
44,DELL,55583000890,8
44,GLD,395395528391296500000,18
44,GME,2375000000,8
44,GOOGL,34380065841,8
44,INTC,12566100000,8
44,META,75748492573,8
44,MSTR,15948600000,8
44,NVDA,22559273482,8
44,QQQ,74570081463,8
44,RDDT,153213749661027900000,18
44,SGOV,10117856572,8
44,SPCX,14775600000,8
44,SPY,76843289680,8
44,TSLA,37186500000,8
44,TSM,45430674074,8
45,AAPL,33630526799,8
45,COIN,19456500000,8
45,CRCL,8902980000,8
45,DELL,55246374446,8
45,GLD,394842389822469900000,18
45,GME,2321500000,8
45,GOOGL,34198630663,8
45,INTC,12421000000,8
45,META,75308754602,8
45,MSTR,15825000000,8
45,NVDA,22439080386,8
45,QQQ,74155931434,8
45,RDDT,153213749661027900000,18
45,SGOV,10117856572,8
45,SPCX,14694307500,8
45,SPY,76843289680,8
45,TSLA,37211000000,8
45,TSM,45199030669,8
46,AAPL,33630526799,8
46,COIN,19358525000,8
46,CRCL,8855000000,8
46,DELL,56210480864,8
46,GLD,394842389822469900000,18
46,GME,2336300000,8
46,GOOGL,34198630663,8
46,INTC,12485499999,8
46,META,75308754602,8
46,MSTR,15825000000,8
46,NVDA,22439080386,8
46,QQQ,74155931434,8
46,RDDT,153213749661027900000,18
46,SGOV,10117856572,8
46,SPCX,14694307500,8
46,SPY,76843289680,8
46,TSLA,37025000000,8
46,TSM,45199030669,8
47,AAPL,33630526799,8
47,COIN,19474000000,8
47,CRCL,8855000000,8
47,DELL,56210480864,8
47,GLD,394842389822469900000,18
47,GME,2335300000,8
47,GOOGL,34372164309,8
47,INTC,12421500000,8
47,META,74904035581,8
47,MSTR,15905005000,8
47,NVDA,22439080386,8
47,QQQ,74155931434,8
47,RDDT,152953520098017600000,18
47,SGOV,10117856572,8
47,SPCX,14694307500,8
47,SPY,76843289680,8
47,TSLA,37213000000,8
47,TSM,45199030669,8
48,AAPL,33799622466,8
48,COIN,19474000000,8
48,CRCL,8855000000,8
48,DELL,56210480864,8
48,GLD,394842389822469900000,18
48,GME,2363400000,8
48,GOOGL,34372164309,8
48,INTC,12421500000,8
48,META,75278738358,8
48,MSTR,15991500000,8
48,NVDA,22439080386,8
48,QQQ,74155931434,8
48,RDDT,152953520098017600000,18
48,SGOV,10117856572,8
48,SPCX,14611855000,8
48,SPY,76843289680,8
48,TSLA,37013500000,8
48,TSM,45199030669,8
49,AAPL,33799622466,8
49,COIN,19372800000,8
49,CRCL,8805180000,8
49,DELL,56508099823,8
49,GLD,394845173508780000000,18
49,GME,2363499999,8
49,GOOGL,34372164309,8
49,INTC,12353500000,8
49,META,74871818146,8
49,MSTR,15813000000,8
49,NVDA,22439080386,8
49,QQQ,74155931434,8
49,RDDT,152954598438720000000,18
49,SGOV,10117856572,8
49,SPCX,14700550000,8
49,SPY,76843289680,8
49,TSLA,37013500000,8
49,TSM,45199030669,8
50,AAPL,33799622466,8
50,COIN,19271095000,8
50,CRCL,8805180000,8
50,DELL,56135376079,8
50,GLD,394845173508780000000,18
50,GME,2351505000,8
50,GOOGL,34372164309,8
50,INTC,12353500000,8
50,META,74871818146,8
50,MSTR,15730500000,8
50,NVDA,22439080386,8
50,QQQ,74155931434,8
50,RDDT,152954598438720000000,18
50,SGOV,10117856572,8
50,SPCX,14700550000,8
50,SPY,76843289680,8
50,TSLA,37013500000,8
50,TSM,45199030669,8
51,AAPL,33974266273,8
51,COIN,19489000000,8
51,CRCL,8849500000,8
51,DELL,56533276427,8
51,GLD,394845173508780000000,18
51,GME,2352600000,8
51,GOOGL,34372164309,8
51,INTC,12425000000,8
51,META,74871818146,8
51,MSTR,15817500000,8
51,NVDA,22559974025,8
51,QQQ,74535972577,8
51,RDDT,152954598438720000000,18
51,SGOV,10117856572,8
51,SPCX,14869510000,8
51,SPY,77232802713,8
51,TSLA,37231420000,8
51,TSM,45199030669,8
52,AAPL,33974266273,8
52,COIN,19489000000,8
52,CRCL,8912280000,8
52,DELL,56887013962,8
52,GLD,394845173508780000000,18
52,GME,2366390000,8
52,GOOGL,34545292876,8
52,INTC,12422500000,8
52,META,74871818146,8
52,MSTR,15901600000,8
52,NVDA,22559974025,8
52,QQQ,74535972577,8
52,RDDT,152954598438720000000,18
52,SGOV,10117856572,8
52,SPCX,14868000000,8
52,SPY,77232802713,8
52,TSLA,37177555000,8
52,TSM,45433728536,8
53,AAPL,33974266273,8
53,COIN,19489000000,8
53,CRCL,8862110000,8
53,DELL,57214509825,8
53,GLD,394845173508780000000,18
53,GME,2366500000,8
53,GOOGL,34369663824,8
53,INTC,12422500000,8
53,META,74871818146,8
53,MSTR,15818000000,8
53,NVDA,22559974025,8
53,QQQ,74535972577,8
53,RDDT,152954598438720000000,18
53,SGOV,10117856572,8
53,SPCX,14868000000,8
53,SPY,77232802713,8
53,TSLA,37177555000,8
53,TSM,45433728536,8
54,AAPL,33974266273,8
54,COIN,19489000000,8
54,CRCL,8862110000,8
54,DELL,57214509825,8
54,GLD,394845173508780000000,18
54,GME,2366500000,8
54,GOOGL,34369663824,8
54,INTC,12491499999,8
54,META,74871818146,8
54,MSTR,15818000000,8
54,NVDA,22559974025,8
54,QQQ,74535972577,8
54,RDDT,152954598438720000000,18
54,SGOV,10117856572,8
54,SPCX,14868000000,8
54,SPY,77232802713,8
54,TSLA,37177555000,8
54,TSM,45203627384,8
55,AAPL,33974266273,8
55,COIN,19489000000,8
55,CRCL,8862110000,8
55,DELL,57214509825,8
55,GLD,394845173508780000000,18
55,GME,2342500000,8
55,GOOGL,34369663824,8
55,INTC,12491499999,8
55,META,75267132077,8
55,MSTR,15805610000,8
55,NVDA,22559974025,8
55,QQQ,74535972577,8
55,RDDT,152954598438720000000,18
55,SGOV,10117856572,8
55,SPCX,14868000000,8
55,SPY,77232802713,8
55,TSLA,37177555000,8
55,TSM,45203627384,8
56,AAPL,33974266273,8
56,COIN,19489000000,8
56,CRCL,8862110000,8
56,DELL,57214509825,8
56,GLD,394845173508780000000,18
56,GME,2342500000,8
56,GOOGL,34369663824,8
56,INTC,12426500000,8
56,META,74867110599,8
56,MSTR,15896500000,8
56,NVDA,22559974025,8
56,QQQ,74535972577,8
56,RDDT,152954598438720000000,18
56,SGOV,10117856572,8
56,SPCX,14868000000,8
56,SPY,77232802713,8
56,TSLA,37177555000,8
56,TSM,45203627384,8
57,AAPL,33974266273,8
57,COIN,19489000000,8
57,CRCL,8862110000,8
57,DELL,56927436537,8
57,GLD,394845173508780000000,18
57,GME,2354495000,8
57,GOOGL,34369663824,8
57,INTC,12426500000,8
57,META,74867110599,8
57,MSTR,15896500000,8
57,NVDA,22559974025,8
57,QQQ,74535972577,8
57,RDDT,152954598438720000000,18
57,SGOV,10117856572,8
57,SPCX,14868000000,8
57,SPY,77232802713,8
57,TSLA,37364390000,8
57,TSM,45203627384,8
58,AAPL,33974266273,8
58,COIN,19489000000,8
58,CRCL,8862110000,8
58,DELL,56927436537,8
58,GLD,394845173508780000000,18
58,GME,2342500000,8
58,GOOGL,34369663824,8
58,INTC,12426500000,8
58,META,74867110599,8
58,MSTR,15979100000,8
58,NVDA,22559974025,8
58,QQQ,74535972577,8
58,RDDT,152954598438720000000,18
58,SGOV,10117856572,8
58,SPCX,14868000000,8
58,SPY,77232802713,8
58,TSLA,37364390000,8
58,TSM,45203627384,8
59,AAPL,33974266273,8
59,COIN,19489000000,8
59,CRCL,8862110000,8
59,DELL,56927436537,8
59,GLD,394845173508780000000,18
59,GME,2342500000,8
59,GOOGL,34369663824,8
59,INTC,12426500000,8
59,META,75256396267,8
59,MSTR,15880000000,8
59,NVDA,22444284417,8
59,QQQ,74535972577,8
59,RDDT,152954598438720000000,18
59,SGOV,10117856572,8
59,SPCX,14788550000,8
59,SPY,77232802713,8
59,TSLA,37364390000,8
59,TSM,45203627384,8
60,AAPL,33974266273,8
60,COIN,19489000000,8
60,CRCL,8862110000,8
60,DELL,56633302799,8
60,GLD,394845173508780000000,18
60,GME,2342500000,8
60,GOOGL,34369663824,8
60,INTC,12426500000,8
60,META,75256396267,8
60,MSTR,15965500000,8
60,NVDA,22444284417,8
60,QQQ,74535972577,8
60,RDDT,152954598438720000000,18
60,SGOV,10117856572,8
60,SPCX,14788550000,8
60,SPY,77232802713,8
60,TSLA,37174710000,8
60,TSM,45203627384,8
61,AAPL,33974266273,8
61,COIN,19600000000,8
61,CRCL,8862110000,8
61,DELL,56633302799,8
61,GLD,394845173508780000000,18
61,GME,2342500000,8
61,GOOGL,34369663824,8
61,INTC,12417570000,8
61,META,75256396267,8
61,MSTR,15965500000,8
61,NVDA,22444284417,8
61,QQQ,74535972577,8
61,RDDT,152954598438720000000,18
61,SGOV,10117856572,8
61,SPCX,14864299999,8
61,SPY,77232802713,8
61,TSLA,37174710000,8
61,TSM,45203627384,8
62,AAPL,34145318048,8
62,COIN,19495499999,8
62,CRCL,8862110000,8
62,DELL,56337588961,8
62,GLD,394845173508780000000,18
62,GME,2345500000,8
62,GOOGL,34369663824,8
62,INTC,12341500000,8
62,META,75256396267,8
62,MSTR,15965500000,8
62,NVDA,22444284417,8
62,QQQ,74535972577,8
62,RDDT,152267883305940000000,18
62,SGOV,10117856572,8
62,SPCX,14864299999,8
62,SPY,77232802713,8
62,TSLA,37174710000,8
62,TSM,45203627384,8
63,AAPL,34145318048,8
63,COIN,19495499999,8
63,CRCL,8643000000,8
63,DELL,56337588961,8
63,GLD,394845173508780000000,18
63,GME,2345595000,8
63,GOOGL,34369663824,8
63,INTC,12341500000,8
63,META,75256396267,8
63,MSTR,15869700000,8
63,NVDA,22566018707,8
63,QQQ,74535972577,8
63,RDDT,151569094293900000000,18
63,SGOV,10117856572,8
63,SPCX,14864299999,8
63,SPY,77232802713,8
63,TSLA,37174710000,8
63,TSM,45203627384,8
64,AAPL,34145318048,8
64,COIN,19495499999,8
64,CRCL,8688435000,8
64,DELL,56337588961,8
64,GLD,394845173508780000000,18
64,GME,2345595000,8
64,GOOGL,34369663824,8
64,INTC,12341500000,8
64,META,75256396267,8
64,MSTR,15869700000,8
64,NVDA,22566018707,8
64,QQQ,74535972577,8
64,RDDT,151569094293900000000,18
64,SGOV,10117856572,8
64,SPCX,14864299999,8
64,SPY,77232802713,8
64,TSLA,37174710000,8
64,TSM,45203627384,8
65,AAPL,34145318048,8
65,COIN,19495499999,8
65,CRCL,8688435000,8
65,DELL,56337588961,8
65,GLD,394845173508780000000,18
65,GME,2345595000,8
65,GOOGL,34369663824,8
65,INTC,12341500000,8
65,META,75256396267,8
65,MSTR,15869700000,8
65,NVDA,22566018707,8
65,QQQ,74535972577,8
65,RDDT,151569094293900000000,18
65,SGOV,10117856572,8
65,SPCX,14864299999,8
65,SPY,77232802713,8
65,TSLA,37174710000,8
65,TSM,45203627384,8
66,AAPL,34145318048,8
66,COIN,19495499999,8
66,CRCL,8688435000,8
66,DELL,56337588961,8
66,GLD,394845173508780000000,18
66,GME,2345595000,8
66,GOOGL,34369663824,8
66,INTC,12341500000,8
66,META,75256396267,8
66,MSTR,15869700000,8
66,NVDA,22566018707,8
66,QQQ,74535972577,8
66,RDDT,151569094293900000000,18
66,SGOV,10117856572,8
66,SPCX,14864299999,8
66,SPY,77232802713,8
66,TSLA,37174710000,8
66,TSM,45203627384,8
67,AAPL,34145318048,8
67,COIN,19495499999,8
67,CRCL,8639500000,8
67,DELL,56337588961,8
67,GLD,394845173508780000000,18
67,GME,2345595000,8
67,GOOGL,34369663824,8
67,INTC,12341500000,8
67,META,75256396267,8
67,MSTR,15869700000,8
67,NVDA,22566018707,8
67,QQQ,74535972577,8
67,RDDT,151553939445450000000,18
67,SGOV,10117856572,8
67,SPCX,14864299999,8
67,SPY,77232802713,8
67,TSLA,37174710000,8
67,TSM,45203627384,8
68,AAPL,34145318048,8
68,COIN,19495499999,8
68,CRCL,8639500000,8
68,DELL,56337588961,8
68,GLD,394845173508780000000,18
68,GME,2345595000,8
68,GOOGL,34369663824,8
68,INTC,12341500000,8
68,META,75256396267,8
68,MSTR,15869700000,8
68,NVDA,22566018707,8
68,QQQ,74535972577,8
68,RDDT,151553939445450000000,18
68,SGOV,10117856572,8
68,SPCX,14864299999,8
68,SPY,77232802713,8
68,TSLA,37174710000,8
68,TSM,45203627384,8
69,AAPL,34145318048,8
69,COIN,19495499999,8
69,CRCL,8686035000,8
69,DELL,56337588961,8
69,GLD,394845173508780000000,18
69,GME,2345595000,8
69,GOOGL,34369663824,8
69,INTC,12341500000,8
69,META,75256396267,8
69,MSTR,15869700000,8
69,NVDA,22566018707,8
69,QQQ,74535972577,8
69,RDDT,151553939445450000000,18
69,SGOV,10117856572,8
69,SPCX,14864299999,8
69,SPY,77232802713,8
69,TSLA,37174710000,8
69,TSM,45203627384,8
70,AAPL,34145318048,8
70,COIN,19495499999,8
70,CRCL,8686035000,8
70,DELL,56337588961,8
70,GLD,394845173508780000000,18
70,GME,2345595000,8
70,GOOGL,34369663824,8
70,INTC,12341500000,8
70,META,75256396267,8
70,MSTR,15869700000,8
70,NVDA,22566018707,8
70,QQQ,74535972577,8
70,RDDT,151553939445450000000,18
70,SGOV,10117856572,8
70,SPCX,14864299999,8
70,SPY,77232802713,8
70,TSLA,37174710000,8
70,TSM,45203627384,8
71,AAPL,34145318048,8
71,COIN,19495499999,8
71,CRCL,8686035000,8
71,DELL,56337588961,8
71,GLD,394845173508780000000,18
71,GME,2345595000,8
71,GOOGL,34369663824,8
71,INTC,12341500000,8
71,META,75256396267,8
71,MSTR,15869700000,8
71,NVDA,22566018707,8
71,QQQ,74535972577,8
71,RDDT,151553939445450000000,18
71,SGOV,10117856572,8
71,SPCX,14864299999,8
71,SPY,77232802713,8
71,TSLA,37174710000,8
71,TSM,45203627384,8
72,AAPL,34145318048,8
72,COIN,19495499999,8
72,CRCL,8686035000,8
72,DELL,56337588961,8
72,GLD,394845173508780000000,18
72,GME,2345595000,8
72,GOOGL,34369663824,8
72,INTC,12341500000,8
72,META,75256396267,8
72,MSTR,15869700000,8
72,NVDA,22566018707,8
72,QQQ,74535972577,8
72,RDDT,151553939445450000000,18
72,SGOV,10117856572,8
72,SPCX,14864299999,8
72,SPY,77232802713,8
72,TSLA,37174710000,8
72,TSM,45203627384,8
73,AAPL,34145318048,8
73,COIN,19495499999,8
73,CRCL,8686035000,8
73,DELL,56337588961,8
73,GLD,394845173508780000000,18
73,GME,2345595000,8
73,GOOGL,34369663824,8
73,INTC,12341500000,8
73,META,75256396267,8
73,MSTR,15869700000,8
73,NVDA,22566018707,8
73,QQQ,74535972577,8
73,RDDT,151553939445450000000,18
73,SGOV,10117856572,8
73,SPCX,14864299999,8
73,SPY,77232802713,8
73,TSLA,37174710000,8
73,TSM,45203627384,8
74,AAPL,34145318048,8
74,COIN,19495499999,8
74,CRCL,8736000000,8
74,DELL,56337588961,8
74,GLD,394845173508780000000,18
74,GME,2345595000,8
74,GOOGL,34369663824,8
74,INTC,12341500000,8
74,META,75256396267,8
74,MSTR,15869700000,8
74,NVDA,22566018707,8
74,QQQ,74535972577,8
74,RDDT,151553939445450000000,18
74,SGOV,10117856572,8
74,SPCX,14864299999,8
74,SPY,77232802713,8
74,TSLA,37174710000,8
74,TSM,45203627384,8
75,AAPL,34145318048,8
75,COIN,19495499999,8
75,CRCL,8736000000,8
75,DELL,56337588961,8
75,GLD,394845173508780000000,18
75,GME,2345595000,8
75,GOOGL,34369663824,8
75,INTC,12341500000,8
75,META,75256396267,8
75,MSTR,15869700000,8
75,NVDA,22566018707,8
75,QQQ,74535972577,8
75,RDDT,151553939445450000000,18
75,SGOV,10117856572,8
75,SPCX,14864299999,8
75,SPY,77232802713,8
75,TSLA,37174710000,8
75,TSM,45203627384,8
76,AAPL,34145318048,8
76,COIN,19495499999,8
76,CRCL,8736000000,8
76,DELL,56337588961,8
76,GLD,394845173508780000000,18
76,GME,2345595000,8
76,GOOGL,34369663824,8
76,INTC,12341500000,8
76,META,74865014464,8
76,MSTR,15869700000,8
76,NVDA,22566018707,8
76,QQQ,74535972577,8
76,RDDT,151553939445450000000,18
76,SGOV,10117856572,8
76,SPCX,14864299999,8
76,SPY,77232802713,8
76,TSLA,37174710000,8
76,TSM,45203627384,8
77,AAPL,34145318048,8
77,COIN,19495499999,8
77,CRCL,8736000000,8
77,DELL,56337588961,8
77,GLD,394845173508780000000,18
77,GME,2345595000,8
77,GOOGL,34369663824,8
77,INTC,12341500000,8
77,META,74865014464,8
77,MSTR,15869700000,8
77,NVDA,22566018707,8
77,QQQ,74535972577,8
77,RDDT,151553939445450000000,18
77,SGOV,10117856572,8
77,SPCX,14864299999,8
77,SPY,77232802713,8
77,TSLA,37174710000,8
77,TSM,45203627384,8
78,AAPL,34145318048,8
78,COIN,19495499999,8
78,CRCL,8736000000,8
78,DELL,56337588961,8
78,GLD,394845173508780000000,18
78,GME,2345595000,8
78,GOOGL,34369663824,8
78,INTC,12341500000,8
78,META,74865014464,8
78,MSTR,15869700000,8
78,NVDA,22566018707,8
78,QQQ,74535972577,8
78,RDDT,151553939445450000000,18
78,SGOV,10116851865,8
78,SPCX,14864299999,8
78,SPY,77232802713,8
78,TSLA,37174710000,8
78,TSM,45203627384,8
79,AAPL,34145318048,8
79,COIN,19495499999,8
79,CRCL,8736000000,8
79,DELL,56337588961,8
79,GLD,394845173508780000000,18
79,GME,2345595000,8
79,GOOGL,34369663824,8
79,INTC,12341500000,8
79,META,74865014464,8
79,MSTR,15869700000,8
79,NVDA,22566018707,8
79,QQQ,74535972577,8
79,RDDT,151508481900030000000,18
79,SGOV,10116851865,8
79,SPCX,14864299999,8
79,SPY,77232802713,8
79,TSLA,37174710000,8
79,TSM,45203627384,8
80,AAPL,34145318048,8
80,COIN,19495499999,8
80,CRCL,8736000000,8
80,DELL,56337588961,8
80,GLD,394845173508780000000,18
80,GME,2345595000,8
80,GOOGL,34369663824,8
80,INTC,12341500000,8
80,META,74865014464,8
80,MSTR,15869700000,8
80,NVDA,22566018707,8
80,QQQ,74535972577,8
80,RDDT,151447894505910000000,18
80,SGOV,10116851865,8
80,SPCX,14864299999,8
80,SPY,77232802713,8
80,TSLA,37174710000,8
80,TSM,45203627384,8
81,AAPL,34145318048,8
81,COIN,19495499999,8
81,CRCL,8736000000,8
81,DELL,56337588961,8
81,GLD,394845173508780000000,18
81,GME,2345595000,8
81,GOOGL,34369663824,8
81,INTC,12341500000,8
81,META,74865014464,8
81,MSTR,15869700000,8
81,NVDA,22566018707,8
81,QQQ,74535972577,8
81,RDDT,151447894505910000000,18
81,SGOV,10116851865,8
81,SPCX,14864299999,8
81,SPY,77232802713,8
81,TSLA,37174710000,8
81,TSM,45203627384,8
82,AAPL,34145318048,8
82,COIN,19495499999,8
82,CRCL,8736000000,8
82,DELL,56337588961,8
82,GLD,394845173508780000000,18
82,GME,2345595000,8
82,GOOGL,34369663824,8
82,INTC,12341500000,8
82,META,74865014464,8
82,MSTR,15869700000,8
82,NVDA,22566018707,8
82,QQQ,74535972577,8
82,RDDT,151447894505910000000,18
82,SGOV,10116851865,8
82,SPCX,14864299999,8
82,SPY,77232802713,8
82,TSLA,37174710000,8
82,TSM,45203627384,8
83,AAPL,34145318048,8
83,COIN,19495499999,8
83,CRCL,8736000000,8
83,DELL,56337588961,8
83,GLD,394845173508780000000,18
83,GME,2345595000,8
83,GOOGL,34369663824,8
83,INTC,12341500000,8
83,META,74865014464,8
83,MSTR,15869700000,8
83,NVDA,22566018707,8
83,QQQ,74535972577,8
83,RDDT,151447894505910000000,18
83,SGOV,10116851865,8
83,SPCX,14864299999,8
83,SPY,77232802713,8
83,TSLA,37174710000,8
83,TSM,45203627384,8
84,AAPL,34145318048,8
84,COIN,19495499999,8
84,CRCL,8736000000,8
84,DELL,56337588961,8
84,GLD,396467280287550000000,18
84,GME,2345595000,8
84,GOOGL,34369663824,8
84,INTC,12341500000,8
84,META,74865014464,8
84,MSTR,15869700000,8
84,NVDA,22566018707,8
84,QQQ,74535972577,8
84,RDDT,151372193262930000000,18
84,SGOV,10116851865,8
84,SPCX,14864299999,8
84,SPY,77232802713,8
84,TSLA,37174710000,8
84,TSM,45203627384,8
85,AAPL,34145318048,8
85,COIN,19495499999,8
85,CRCL,8736000000,8
85,DELL,56337588961,8
85,GLD,396467280287550000000,18
85,GME,2345595000,8
85,GOOGL,34369663824,8
85,INTC,12341500000,8
85,META,74865014464,8
85,MSTR,15869700000,8
85,NVDA,22566018707,8
85,QQQ,74535972577,8
85,RDDT,151357057414290000000,18
85,SGOV,10116851865,8
85,SPCX,14864299999,8
85,SPY,77232802713,8
85,TSLA,37174710000,8
85,TSM,45203627384,8
86,AAPL,34145318048,8
86,COIN,19495499999,8
86,CRCL,8736000000,8
86,DELL,56337588961,8
86,GLD,396467280287550000000,18
86,GME,2345595000,8
86,GOOGL,34369663824,8
86,INTC,12341500000,8
86,META,74865014464,8
86,MSTR,15869700000,8
86,NVDA,22566018707,8
86,QQQ,74535972577,8
86,RDDT,151357057414290000000,18
86,SGOV,10116851865,8
86,SPCX,14864299999,8
86,SPY,77232802713,8
86,TSLA,37174710000,8
86,TSM,45203627384,8
87,AAPL,34145318048,8
87,COIN,19495499999,8
87,CRCL,8736000000,8
87,DELL,56337588961,8
87,GLD,396467280287550000000,18
87,GME,2345595000,8
87,GOOGL,34369663824,8
87,INTC,12341500000,8
87,META,74865014464,8
87,MSTR,15869700000,8
87,NVDA,22566018707,8
87,QQQ,74535972577,8
87,RDDT,151341922565640000000,18
87,SGOV,10116851865,8
87,SPCX,14864299999,8
87,SPY,77232802713,8
87,TSLA,37174710000,8
87,TSM,45203627384,8
88,AAPL,34145318048,8
88,COIN,19495499999,8
88,CRCL,8736000000,8
88,DELL,56337588961,8
88,GLD,396467280287550000000,18
88,GME,2345595000,8
88,GOOGL,34369663824,8
88,INTC,12341500000,8
88,META,74865014464,8
88,MSTR,15869700000,8
88,NVDA,22566018707,8
88,QQQ,74535972577,8
88,RDDT,151341922565640000000,18
88,SGOV,10116851865,8
88,SPCX,14864299999,8
88,SPY,77232802713,8
88,TSLA,37174710000,8
88,TSM,45203627384,8
89,AAPL,34145318048,8
89,COIN,19495499999,8
89,CRCL,8736000000,8
89,DELL,56337588961,8
89,GLD,396467280287550000000,18
89,GME,2345595000,8
89,GOOGL,34369663824,8
89,INTC,12341500000,8
89,META,74865014464,8
89,MSTR,15869700000,8
89,NVDA,22566018707,8
89,QQQ,74535972577,8
89,RDDT,151341922565640000000,18
89,SGOV,10116851865,8
89,SPCX,14864299999,8
89,SPY,77232802713,8
89,TSLA,37174710000,8
89,TSM,45203627384,8
90,AAPL,34145318048,8
90,COIN,19495499999,8
90,CRCL,8736000000,8
90,DELL,56337588961,8
90,GLD,396467280287550000000,18
90,GME,2345595000,8
90,GOOGL,34369663824,8
90,INTC,12341500000,8
90,META,74865014464,8
90,MSTR,15869700000,8
90,NVDA,22566018707,8
90,QQQ,74535972577,8
90,RDDT,151341922565640000000,18
90,SGOV,10116851865,8
90,SPCX,14864299999,8
90,SPY,77232802713,8
90,TSLA,37174710000,8
90,TSM,45203627384,8
91,AAPL,34145318048,8
91,COIN,19495499999,8
91,CRCL,8736000000,8
91,DELL,56337588961,8
91,GLD,396467280287550000000,18
91,GME,2345595000,8
91,GOOGL,34369663824,8
91,INTC,12341500000,8
91,META,74865014464,8
91,MSTR,15869700000,8
91,NVDA,22566018707,8
91,QQQ,74535972577,8
91,RDDT,151341922565640000000,18
91,SGOV,10116851865,8
91,SPCX,14864299999,8
91,SPY,77232802713,8
91,TSLA,37174710000,8
91,TSM,45203627384,8
92,AAPL,34145318048,8
92,COIN,19495499999,8
92,CRCL,8736000000,8
92,DELL,56337588961,8
92,GLD,396467280287550000000,18
92,GME,2345595000,8
92,GOOGL,34369663824,8
92,INTC,12341500000,8
92,META,74865014464,8
92,MSTR,15869700000,8
92,NVDA,22566018707,8
92,QQQ,74535972577,8
92,RDDT,151341922565640000000,18
92,SGOV,10116851865,8
92,SPCX,14864299999,8
92,SPY,77232802713,8
92,TSLA,37174710000,8
92,TSM,45203627384,8
93,AAPL,34145318048,8
93,COIN,19495499999,8
93,CRCL,8736000000,8
93,DELL,56337588961,8
93,GLD,396467280287550000000,18
93,GME,2345595000,8
93,GOOGL,34369663824,8
93,INTC,12341500000,8
93,META,74865014464,8
93,MSTR,15869700000,8
93,NVDA,22566018707,8
93,QQQ,74535972577,8
93,RDDT,151341922565640000000,18
93,SGOV,10116851865,8
93,SPCX,14864299999,8
93,SPY,77232802713,8
93,TSLA,37174710000,8
93,TSM,45203627384,8
94,AAPL,34145318048,8
94,COIN,19495499999,8
94,CRCL,8736000000,8
94,DELL,56337588961,8
94,GLD,396467280287550000000,18
94,GME,2345595000,8
94,GOOGL,34369663824,8
94,INTC,12341500000,8
94,META,74865014464,8
94,MSTR,15869700000,8
94,NVDA,22566018707,8
94,QQQ,74535972577,8
94,RDDT,151281401170860000000,18
94,SGOV,10116851865,8
94,SPCX,14864299999,8
94,SPY,77232802713,8
94,TSLA,37174710000,8
94,TSM,45203627384,8
95,AAPL,34145318048,8
95,COIN,19495499999,8
95,CRCL,8736000000,8
95,DELL,56337588961,8
95,GLD,396427637683980000000,18
95,GME,2345595000,8
95,GOOGL,34369663824,8
95,INTC,12341500000,8
95,META,74865014464,8
95,MSTR,15869700000,8
95,NVDA,22566018707,8
95,QQQ,74535972577,8
95,RDDT,151281401170860000000,18
95,SGOV,10116851865,8
95,SPCX,14864299999,8
95,SPY,77232802713,8
95,TSLA,37174710000,8
95,TSM,45203627384,8
96,AAPL,34145318048,8
96,COIN,19495499999,8
96,CRCL,8736000000,8
96,DELL,56337588961,8
96,GLD,392561814342600000000,18
96,GME,2345595000,8
96,GOOGL,34369663824,8
96,INTC,12341500000,8
96,META,74865014464,8
96,MSTR,15869700000,8
96,NVDA,22566018707,8
96,QQQ,74535972577,8
96,RDDT,151281401170860000000,18
96,SGOV,10116851865,8
96,SPCX,14864299999,8
96,SPY,77232802713,8
96,TSLA,37174710000,8
96,TSM,45203627384,8
97,AAPL,34145318048,8
97,COIN,19495499999,8
97,CRCL,8736000000,8
97,DELL,56337588961,8
97,GLD,392561814342600000000,18
97,GME,2345595000,8
97,GOOGL,34369663824,8
97,INTC,12341500000,8
97,META,74865014464,8
97,MSTR,15869700000,8
97,NVDA,22566018707,8
97,QQQ,74535972577,8
97,RDDT,151281401170860000000,18
97,SGOV,10116851865,8
97,SPCX,14864299999,8
97,SPY,77232802713,8
97,TSLA,37174710000,8
97,TSM,45203627384,8
98,AAPL,34145318048,8
98,COIN,19495499999,8
98,CRCL,8736000000,8
98,DELL,56337588961,8
98,GLD,392561814342600000000,18
98,GME,2345595000,8
98,GOOGL,34369663824,8
98,INTC,12341500000,8
98,META,74865014464,8
98,MSTR,15869700000,8
98,NVDA,22566018707,8
98,QQQ,74535972577,8
98,RDDT,151281401170860000000,18
98,SGOV,10116851865,8
98,SPCX,14864299999,8
98,SPY,77232802713,8
98,TSLA,37174710000,8
98,TSM,45203627384,8
99,AAPL,34145318048,8
99,COIN,19495499999,8
99,CRCL,8736000000,8
99,DELL,56337588961,8
99,GLD,392561814342600000000,18
99,GME,2345595000,8
99,GOOGL,34369663824,8
99,INTC,12341500000,8
99,META,74865014464,8
99,MSTR,15869700000,8
99,NVDA,22566018707,8
99,QQQ,74535972577,8
99,RDDT,151281401170860000000,18
99,SGOV,10116851865,8
99,SPCX,14864299999,8
99,SPY,77232802713,8
99,TSLA,37174710000,8
99,TSM,45203627384,8
100,AAPL,34145318048,8
100,COIN,19495499999,8
100,CRCL,8736000000,8
100,DELL,56337588961,8
100,GLD,389044783513260000000,18
100,GME,2345595000,8
100,GOOGL,34369663824,8
100,INTC,12341500000,8
100,META,74865014464,8
100,MSTR,15869700000,8
100,NVDA,22566018707,8
100,QQQ,74535972577,8
100,RDDT,151266274322130000000,18
100,SGOV,10116851865,8
100,SPCX,14864299999,8
100,SPY,77232802713,8
100,TSLA,37174710000,8
100,TSM,45203627384,8
101,AAPL,34145318048,8
101,COIN,19495499999,8
101,CRCL,8736000000,8
101,DELL,56337588961,8
101,GLD,388694818012950000000,18
101,GME,2345595000,8
101,GOOGL,34369663824,8
101,INTC,12341500000,8
101,META,74865014464,8
101,MSTR,15869700000,8
101,NVDA,22566018707,8
101,QQQ,74535972577,8
101,RDDT,151266274322130000000,18
101,SGOV,10116851865,8
101,SPCX,14864299999,8
101,SPY,77232802713,8
101,TSLA,37174710000,8
101,TSM,45203627384,8
102,AAPL,34145318048,8
102,COIN,19495499999,8
102,CRCL,8736000000,8
102,DELL,56337588961,8
102,GLD,394253379426780000000,18
102,GME,2345595000,8
102,GOOGL,34369663824,8
102,INTC,12341500000,8
102,META,74865014464,8
102,MSTR,15869700000,8
102,NVDA,22566018707,8
102,QQQ,74535972577,8
102,RDDT,151266274322130000000,18
102,SGOV,10116851865,8
102,SPCX,14864299999,8
102,SPY,77232802713,8
102,TSLA,37174710000,8
102,TSM,45203627384,8
103,AAPL,34145318048,8
103,COIN,19495499999,8
103,CRCL,8736000000,8
103,DELL,56337588961,8
103,GLD,390838422576690000000,18
103,GME,2345595000,8
103,GOOGL,34369663824,8
103,INTC,12341500000,8
103,META,74865014464,8
103,MSTR,15869700000,8
103,NVDA,22566018707,8
103,QQQ,74535972577,8
103,RDDT,151251149473380000000,18
103,SGOV,10116851865,8
103,SPCX,14864299999,8
103,SPY,77232802713,8
103,TSLA,37174710000,8
103,TSM,45203627384,8
104,AAPL,34145318048,8
104,COIN,19495499999,8
104,CRCL,8736000000,8
104,DELL,56337588961,8
104,GLD,393898728973320000000,18
104,GME,2345595000,8
104,GOOGL,34369663824,8
104,INTC,12341500000,8
104,META,74865014464,8
104,MSTR,15869700000,8
104,NVDA,22566018707,8
104,QQQ,74535972577,8
104,RDDT,151251149473380000000,18
104,SGOV,10116851865,8
104,SPCX,14864299999,8
104,SPY,77232802713,8
104,TSLA,37174710000,8
104,TSM,45203627384,8
105,AAPL,34145318048,8
105,COIN,19495499999,8
105,CRCL,8736000000,8
105,DELL,56337588961,8
105,GLD,393898728973320000000,18
105,GME,2345595000,8
105,GOOGL,34369663824,8
105,INTC,12341500000,8
105,META,74865014464,8
105,MSTR,15869700000,8
105,NVDA,22566018707,8
105,QQQ,74535972577,8
105,RDDT,151251149473380000000,18
105,SGOV,10116851865,8
105,SPCX,14864299999,8
105,SPY,77232802713,8
105,TSLA,37174710000,8
105,TSM,45203627384,8
106,AAPL,34145318048,8
106,COIN,19495499999,8
106,CRCL,8736000000,8
106,DELL,56337588961,8
106,GLD,393898728973320000000,18
106,GME,2345595000,8
106,GOOGL,34369663824,8
106,INTC,12341500000,8
106,META,74865014464,8
106,MSTR,15869700000,8
106,NVDA,22566018707,8
106,QQQ,74535972577,8
106,RDDT,151251149473380000000,18
106,SGOV,10116851865,8
106,SPCX,14864299999,8
106,SPY,77232802713,8
106,TSLA,37174710000,8
106,TSM,45203627384,8
107,AAPL,34145318048,8
107,COIN,19495499999,8
107,CRCL,8736000000,8
107,DELL,56337588961,8
107,GLD,393898728973320000000,18
107,GME,2345595000,8
107,GOOGL,34369663824,8
107,INTC,12341500000,8
107,META,74865014464,8
107,MSTR,15869700000,8
107,NVDA,22566018707,8
107,QQQ,74535972577,8
107,RDDT,151251149473380000000,18
107,SGOV,10116851865,8
107,SPCX,14864299999,8
107,SPY,77232802713,8
107,TSLA,37174710000,8
107,TSM,45203627384,8
108,AAPL,34145318048,8
108,COIN,19495499999,8
108,CRCL,8736000000,8
108,DELL,56337588961,8
108,GLD,393898728973320000000,18
108,GME,2345595000,8
108,GOOGL,34369663824,8
108,INTC,12341500000,8
108,META,74865014464,8
108,MSTR,15869700000,8
108,NVDA,22566018707,8
108,QQQ,74535972577,8
108,RDDT,151251149473380000000,18
108,SGOV,10116851865,8
108,SPCX,14864299999,8
108,SPY,77232802713,8
108,TSLA,37174710000,8
108,TSM,45203627384,8
109,AAPL,34145318048,8
109,COIN,19495499999,8
109,CRCL,8736000000,8
109,DELL,56337588961,8
109,GLD,393898728973320000000,18
109,GME,2345595000,8
109,GOOGL,34369663824,8
109,INTC,12341500000,8
109,META,74865014464,8
109,MSTR,15869700000,8
109,NVDA,22566018707,8
109,QQQ,74535972577,8
109,RDDT,151251149473380000000,18
109,SGOV,10116851865,8
109,SPCX,14864299999,8
109,SPY,77232802713,8
109,TSLA,37174710000,8
109,TSM,45203627384,8
110,AAPL,34145318048,8
110,COIN,19495499999,8
110,CRCL,8736000000,8
110,DELL,56337588961,8
110,GLD,393898728973320000000,18
110,GME,2345595000,8
110,GOOGL,34369663824,8
110,INTC,12341500000,8
110,META,74865014464,8
110,MSTR,15869700000,8
110,NVDA,22566018707,8
110,QQQ,74535972577,8
110,RDDT,151251149473380000000,18
110,SGOV,10116851865,8
110,SPCX,14864299999,8
110,SPY,77232802713,8
110,TSLA,37174710000,8
110,TSM,45203627384,8
111,AAPL,34145318048,8
111,COIN,19495499999,8
111,CRCL,8736000000,8
111,DELL,56337588961,8
111,GLD,393898728973320000000,18
111,GME,2345595000,8
111,GOOGL,34369663824,8
111,INTC,12341500000,8
111,META,74865014464,8
111,MSTR,15869700000,8
111,NVDA,22566018707,8
111,QQQ,74535972577,8
111,RDDT,151251149473380000000,18
111,SGOV,10116851865,8
111,SPCX,14864299999,8
111,SPY,77232802713,8
111,TSLA,37174710000,8
111,TSM,45203627384,8
112,AAPL,34145318048,8
112,COIN,19495499999,8
112,CRCL,8736000000,8
112,DELL,56337588961,8
112,GLD,393898728973320000000,18
112,GME,2345595000,8
112,GOOGL,34369663824,8
112,INTC,12341500000,8
112,META,74865014464,8
112,MSTR,15869700000,8
112,NVDA,22566018707,8
112,QQQ,74535972577,8
112,RDDT,151251149473380000000,18
112,SGOV,10116851865,8
112,SPCX,14864299999,8
112,SPY,77232802713,8
112,TSLA,37174710000,8
112,TSM,45203627384,8
113,AAPL,34145318048,8
113,COIN,19495499999,8
113,CRCL,8736000000,8
113,DELL,56337588961,8
113,GLD,393898728973320000000,18
113,GME,2345595000,8
113,GOOGL,34369663824,8
113,INTC,12341500000,8
113,META,74865014464,8
113,MSTR,15869700000,8
113,NVDA,22566018707,8
113,QQQ,74535972577,8
113,RDDT,151251149473380000000,18
113,SGOV,10116851865,8
113,SPCX,14864299999,8
113,SPY,77232802713,8
113,TSLA,37174710000,8
113,TSM,45203627384,8
114,AAPL,34145318048,8
114,COIN,19495499999,8
114,CRCL,8736000000,8
114,DELL,56337588961,8
114,GLD,393898728973320000000,18
114,GME,2345595000,8
114,GOOGL,34369663824,8
114,INTC,12341500000,8
114,META,74865014464,8
114,MSTR,15869700000,8
114,NVDA,22566018707,8
114,QQQ,74535972577,8
114,RDDT,151251149473380000000,18
114,SGOV,10116851865,8
114,SPCX,14864299999,8
114,SPY,77232802713,8
114,TSLA,37174710000,8
114,TSM,45203627384,8
115,AAPL,34145318048,8
115,COIN,19495499999,8
115,CRCL,8736000000,8
115,DELL,56337588961,8
115,GLD,389979566165340000000,18
115,GME,2345595000,8
115,GOOGL,34369663824,8
115,INTC,12341500000,8
115,META,74865014464,8
115,MSTR,15869700000,8
115,NVDA,22566018707,8
115,QQQ,74535972577,8
115,RDDT,151251149473380000000,18
115,SGOV,10116851865,8
115,SPCX,14864299999,8
115,SPY,77232802713,8
115,TSLA,37174710000,8
115,TSM,45203627384,8
116,AAPL,34145318048,8
116,COIN,19495499999,8
116,CRCL,8736000000,8
116,DELL,56337588961,8
116,GLD,389979566165340000000,18
116,GME,2345595000,8
116,GOOGL,34369663824,8
116,INTC,12341500000,8
116,META,74865014464,8
116,MSTR,15869700000,8
116,NVDA,22566018707,8
116,QQQ,74535972577,8
116,RDDT,151251149473380000000,18
116,SGOV,10116851865,8
116,SPCX,14864299999,8
116,SPY,77232802713,8
116,TSLA,37174710000,8
116,TSM,45203627384,8
117,AAPL,34145318048,8
117,COIN,19495499999,8
117,CRCL,8736000000,8
117,DELL,56337588961,8
117,GLD,388655952401610000000,18
117,GME,2345595000,8
117,GOOGL,34369663824,8
117,INTC,12341500000,8
117,META,74865014464,8
117,MSTR,15869700000,8
117,NVDA,22566018707,8
117,QQQ,74535972577,8
117,RDDT,151251149473380000000,18
117,SGOV,10116851865,8
117,SPCX,14864299999,8
117,SPY,77232802713,8
117,TSLA,37174710000,8
117,TSM,45203627384,8
118,AAPL,34145318048,8
118,COIN,19495499999,8
118,CRCL,8736000000,8
118,DELL,56337588961,8
118,GLD,388655952401610000000,18
118,GME,2345595000,8
118,GOOGL,34369663824,8
118,INTC,12341500000,8
118,META,74865014464,8
118,MSTR,15869700000,8
118,NVDA,22566018707,8
118,QQQ,74535972577,8
118,RDDT,151251149473380000000,18
118,SGOV,10116851865,8
118,SPCX,14864299999,8
118,SPY,77232802713,8
118,TSLA,37174710000,8
118,TSM,45203627384,8
119,AAPL,34145318048,8
119,COIN,19495499999,8
119,CRCL,8736000000,8
119,DELL,56337588961,8
119,GLD,396506927891070000000,18
119,GME,2345595000,8
119,GOOGL,34369663824,8
119,INTC,12341500000,8
119,META,74865014464,8
119,MSTR,15869700000,8
119,NVDA,22566018707,8
119,QQQ,74535972577,8
119,RDDT,151236025624620000000,18
119,SGOV,10116851865,8
119,SPCX,14864299999,8
119,SPY,77232802713,8
119,TSLA,37174710000,8
119,TSM,45203627384,8
120,AAPL,34145318048,8
120,COIN,19495499999,8
120,CRCL,8736000000,8
120,DELL,56337588961,8
120,GLD,396427637683980000000,18
120,GME,2345595000,8
120,GOOGL,34369663824,8
120,INTC,12341500000,8
120,META,74865014464,8
120,MSTR,15869700000,8
120,NVDA,22566018707,8
120,QQQ,74535972577,8
120,RDDT,151236025624620000000,18
120,SGOV,10116851865,8
120,SPCX,14864299999,8
120,SPY,77232802713,8
120,TSLA,37174710000,8
120,TSM,45203627384,8
121,AAPL,34145318048,8
121,COIN,19495499999,8
121,CRCL,8736000000,8
121,DELL,56337588961,8
121,GLD,396387999080370000000,18
121,GME,2345595000,8
121,GOOGL,34369663824,8
121,INTC,12341500000,8
121,META,74865014464,8
121,MSTR,15869700000,8
121,NVDA,22566018707,8
121,QQQ,74535972577,8
121,RDDT,151236025624620000000,18
121,SGOV,10116851865,8
121,SPCX,14864299999,8
121,SPY,77232802713,8
121,TSLA,37174710000,8
121,TSM,45203627384,8
122,AAPL,34145318048,8
122,COIN,19495499999,8
122,CRCL,8736000000,8
122,DELL,56337588961,8
122,GLD,396387999080370000000,18
122,GME,2345595000,8
122,GOOGL,34369663824,8
122,INTC,12341500000,8
122,META,74865014464,8
122,MSTR,15869700000,8
122,NVDA,22566018707,8
122,QQQ,74535972577,8
122,RDDT,151236025624620000000,18
122,SGOV,10116851865,8
122,SPCX,14864299999,8
122,SPY,77232802713,8
122,TSLA,37174710000,8
122,TSM,45203627384,8
123,AAPL,34145318048,8
123,COIN,19495499999,8
123,CRCL,8736000000,8
123,DELL,56337588961,8
123,GLD,396387999080370000000,18
123,GME,2345595000,8
123,GOOGL,34369663824,8
123,INTC,12341500000,8
123,META,74865014464,8
123,MSTR,15869700000,8
123,NVDA,22566018707,8
123,QQQ,74535972577,8
123,RDDT,151236025624620000000,18
123,SGOV,10116851865,8
123,SPCX,14864299999,8
123,SPY,77232802713,8
123,TSLA,37174710000,8
123,TSM,45203627384,8
124,AAPL,34145318048,8
124,COIN,19495499999,8
124,CRCL,8736000000,8
124,DELL,56337588961,8
124,GLD,396387999080370000000,18
124,GME,2345595000,8
124,GOOGL,34369663824,8
124,INTC,12341500000,8
124,META,74865014464,8
124,MSTR,15869700000,8
124,NVDA,22566018707,8
124,QQQ,74535972577,8
124,RDDT,151236025624620000000,18
124,SGOV,10116851865,8
124,SPCX,14864299999,8
124,SPY,77232802713,8
124,TSLA,37174710000,8
124,TSM,45203627384,8
125,AAPL,34145318048,8
125,COIN,19495499999,8
125,CRCL,8736000000,8
125,DELL,56337588961,8
125,GLD,396387999080370000000,18
125,GME,2345595000,8
125,GOOGL,34369663824,8
125,INTC,12341500000,8
125,META,74865014464,8
125,MSTR,15869700000,8
125,NVDA,22566018707,8
125,QQQ,74535972577,8
125,RDDT,151236025624620000000,18
125,SGOV,10116851865,8
125,SPCX,14864299999,8
125,SPY,77232802713,8
125,TSLA,37174710000,8
125,TSM,45203627384,8
126,AAPL,34145318048,8
126,COIN,19495499999,8
126,CRCL,8736000000,8
126,DELL,56337588961,8
126,GLD,396387999080370000000,18
126,GME,2345595000,8
126,GOOGL,34369663824,8
126,INTC,12341500000,8
126,META,74865014464,8
126,MSTR,15869700000,8
126,NVDA,22566018707,8
126,QQQ,74535972577,8
126,RDDT,151190664078240000000,18
126,SGOV,10116851865,8
126,SPCX,14864299999,8
126,SPY,77232802713,8
126,TSLA,37174710000,8
126,TSM,45203627384,8
127,AAPL,34145318048,8
127,COIN,19495499999,8
127,CRCL,8736000000,8
127,DELL,56337588961,8
127,GLD,396269106269310000000,18
127,GME,2345595000,8
127,GOOGL,34369663824,8
127,INTC,12341500000,8
127,META,74865014464,8
127,MSTR,15869700000,8
127,NVDA,22566018707,8
127,QQQ,74535972577,8
127,RDDT,151190664078240000000,18
127,SGOV,10116851865,8
127,SPCX,14864299999,8
127,SPY,77232802713,8
127,TSLA,37174710000,8
127,TSM,45203627384,8
128,AAPL,34145318048,8
128,COIN,19495499999,8
128,CRCL,8736000000,8
128,DELL,56337588961,8
128,GLD,396269106269310000000,18
128,GME,2345595000,8
128,GOOGL,34369663824,8
128,INTC,12341500000,8
128,META,74865014464,8
128,MSTR,15869700000,8
128,NVDA,22566018707,8
128,QQQ,74535972577,8
128,RDDT,151190664078240000000,18
128,SGOV,10116851865,8
128,SPCX,14864299999,8
128,SPY,77232802713,8
128,TSLA,37174710000,8
128,TSM,45203627384,8
129,AAPL,34145318048,8
129,COIN,19495499999,8
129,CRCL,8736000000,8
129,DELL,56337588961,8
129,GLD,396150249457890000000,18
129,GME,2345595000,8
129,GOOGL,34369663824,8
129,INTC,12341500000,8
129,META,74865014464,8
129,MSTR,15869700000,8
129,NVDA,22566018707,8
129,QQQ,74535972577,8
129,RDDT,151175546229420000000,18
129,SGOV,10116851865,8
129,SPCX,14864299999,8
129,SPY,77232802713,8
129,TSLA,37174710000,8
129,TSM,45203627384,8
130,AAPL,34145318048,8
130,COIN,19495499999,8
130,CRCL,8736000000,8
130,DELL,56337588961,8
130,GLD,395991829042110000000,18
130,GME,2345595000,8
130,GOOGL,34369663824,8
130,INTC,12341500000,8
130,META,74865014464,8
130,MSTR,15869700000,8
130,NVDA,22566018707,8
130,QQQ,74535972577,8
130,RDDT,151175546229420000000,18
130,SGOV,10116851865,8
130,SPCX,14864299999,8
130,SPY,77232802713,8
130,TSLA,37174710000,8
130,TSM,45203627384,8
131,AAPL,34145318048,8
131,COIN,19495499999,8
131,CRCL,8736000000,8
131,DELL,56337588961,8
131,GLD,395991829042110000000,18
131,GME,2345595000,8
131,GOOGL,34369663824,8
131,INTC,12341500000,8
131,META,74865014464,8
131,MSTR,15869700000,8
131,NVDA,22566018707,8
131,QQQ,74535972577,8
131,RDDT,151175546229420000000,18
131,SGOV,10116851865,8
131,SPCX,14864299999,8
131,SPY,77232802713,8
131,TSLA,37174710000,8
131,TSM,45203627384,8
132,AAPL,34145318048,8
132,COIN,19495499999,8
132,CRCL,8736000000,8
132,DELL,56337588961,8
132,GLD,395991829042110000000,18
132,GME,2345595000,8
132,GOOGL,34369663824,8
132,INTC,12341500000,8
132,META,74865014464,8
132,MSTR,15869700000,8
132,NVDA,22566018707,8
132,QQQ,74535972577,8
132,RDDT,151175546229420000000,18
132,SGOV,10116851865,8
132,SPCX,14864299999,8
132,SPY,77232802713,8
132,TSLA,37174710000,8
132,TSM,45203627384,8
133,AAPL,34145318048,8
133,COIN,19495499999,8
133,CRCL,8736000000,8
133,DELL,56337588961,8
133,GLD,395991829042110000000,18
133,GME,2345595000,8
133,GOOGL,34369663824,8
133,INTC,12341500000,8
133,META,74865014464,8
133,MSTR,15869700000,8
133,NVDA,22566018707,8
133,QQQ,74535972577,8
133,RDDT,151175546229420000000,18
133,SGOV,10116851865,8
133,SPCX,14864299999,8
133,SPY,77232802713,8
133,TSLA,37174710000,8
133,TSM,45203627384,8
134,AAPL,34145318048,8
134,COIN,19495499999,8
134,CRCL,8736000000,8
134,DELL,56337588961,8
134,GLD,395991829042110000000,18
134,GME,2345595000,8
134,GOOGL,34369663824,8
134,INTC,12341500000,8
134,META,74865014464,8
134,MSTR,15869700000,8
134,NVDA,22566018707,8
134,QQQ,74535972577,8
134,RDDT,151175546229420000000,18
134,SGOV,10116851865,8
134,SPCX,14864299999,8
134,SPY,77232802713,8
134,TSLA,37174710000,8
134,TSM,45203627384,8
135,AAPL,34145318048,8
135,COIN,19495499999,8
135,CRCL,8736000000,8
135,DELL,56337588961,8
135,GLD,393938118579420000000,18
135,GME,2345595000,8
135,GOOGL,34369663824,8
135,INTC,12341500000,8
135,META,74865014464,8
135,MSTR,15869700000,8
135,NVDA,22566018707,8
135,QQQ,74535972577,8
135,RDDT,151175546229420000000,18
135,SGOV,10116851865,8
135,SPCX,14864299999,8
135,SPY,77232802713,8
135,TSLA,37174710000,8
135,TSM,45203627384,8
136,AAPL,34145318048,8
136,COIN,19495499999,8
136,CRCL,8736000000,8
136,DELL,56337588961,8
136,GLD,393938118579420000000,18
136,GME,2345595000,8
136,GOOGL,34369663824,8
136,INTC,12341500000,8
136,META,74865014464,8
136,MSTR,15869700000,8
136,NVDA,22566018707,8
136,QQQ,74535972577,8
136,RDDT,151175546229420000000,18
136,SGOV,10116851865,8
136,SPCX,14864299999,8
136,SPY,77232802713,8
136,TSLA,37174710000,8
136,TSM,45203627384,8
137,AAPL,34145318048,8
137,COIN,19495499999,8
137,CRCL,8736000000,8
137,DELL,56337588961,8
137,GLD,393938118579420000000,18
137,GME,2345595000,8
137,GOOGL,34369663824,8
137,INTC,12341500000,8
137,META,74865014464,8
137,MSTR,15869700000,8
137,NVDA,22566018707,8
137,QQQ,74535972577,8
137,RDDT,151175546229420000000,18
137,SGOV,10116851865,8
137,SPCX,14864299999,8
137,SPY,77232802713,8
137,TSLA,37174710000,8
137,TSM,45203627384,8
138,AAPL,34145318048,8
138,COIN,19495499999,8
138,CRCL,8736000000,8
138,DELL,56337588961,8
138,GLD,393938118579420000000,18
138,GME,2345595000,8
138,GOOGL,34369663824,8
138,INTC,12341500000,8
138,META,74865014464,8
138,MSTR,15869700000,8
138,NVDA,22566018707,8
138,QQQ,74535972577,8
138,RDDT,151175546229420000000,18
138,SGOV,10116851865,8
138,SPCX,14864299999,8
138,SPY,77232802713,8
138,TSLA,37174710000,8
138,TSM,45203627384,8
139,AAPL,34145318048,8
139,COIN,19495499999,8
139,CRCL,8736000000,8
139,DELL,56337588961,8
139,GLD,393938118579420000000,18
139,GME,2345595000,8
139,GOOGL,34369663824,8
139,INTC,12341500000,8
139,META,74865014464,8
139,MSTR,15869700000,8
139,NVDA,22566018707,8
139,QQQ,74535972577,8
139,RDDT,151175546229420000000,18
139,SGOV,10116851865,8
139,SPCX,14864299999,8
139,SPY,77232802713,8
139,TSLA,37174710000,8
139,TSM,45203627384,8
140,AAPL,34145318048,8
140,COIN,19495499999,8
140,CRCL,8736000000,8
140,DELL,56337588961,8
140,GLD,393938118579420000000,18
140,GME,2345595000,8
140,GOOGL,34369663824,8
140,INTC,12341500000,8
140,META,74865014464,8
140,MSTR,15869700000,8
140,NVDA,22566018707,8
140,QQQ,74535972577,8
140,RDDT,151175546229420000000,18
140,SGOV,10116851865,8
140,SPCX,14864299999,8
140,SPY,77232802713,8
140,TSLA,37174710000,8
140,TSM,45203627384,8
141,AAPL,34145318048,8
141,COIN,19495499999,8
141,CRCL,8736000000,8
141,DELL,56337588961,8
141,GLD,393938118579420000000,18
141,GME,2345595000,8
141,GOOGL,34369663824,8
141,INTC,12341500000,8
141,META,74865014464,8
141,MSTR,15869700000,8
141,NVDA,22566018707,8
141,QQQ,74535972577,8
141,RDDT,151175546229420000000,18
141,SGOV,10116851865,8
141,SPCX,14864299999,8
141,SPY,77232802713,8
141,TSLA,37174710000,8
141,TSM,45203627384,8
142,AAPL,34145318048,8
142,COIN,19495499999,8
142,CRCL,8736000000,8
142,DELL,56337588961,8
142,GLD,391934248618320000000,18
142,GME,2345595000,8
142,GOOGL,34369663824,8
142,INTC,12341500000,8
142,META,74865014464,8
142,MSTR,15869700000,8
142,NVDA,22566018707,8
142,QQQ,74535972577,8
142,RDDT,151175546229420000000,18
142,SGOV,10116851865,8
142,SPCX,14864299999,8
142,SPY,77232802713,8
142,TSLA,37174710000,8
142,TSM,45203627384,8
143,AAPL,34145318048,8
143,COIN,19495499999,8
143,CRCL,8736000000,8
143,DELL,56337588961,8
143,GLD,391934248618320000000,18
143,GME,2345595000,8
143,GOOGL,34369663824,8
143,INTC,12341500000,8
143,META,74865014464,8
143,MSTR,15869700000,8
143,NVDA,22566018707,8
143,QQQ,74535972577,8
143,RDDT,151175546229420000000,18
143,SGOV,10116851865,8
143,SPCX,14864299999,8
143,SPY,77232802713,8
143,TSLA,37174710000,8
143,TSM,45203627384,8
144,AAPL,34145318048,8
144,COIN,19495499999,8
144,CRCL,8736000000,8
144,DELL,56337588961,8
144,GLD,391934248618320000000,18
144,GME,2345595000,8
144,GOOGL,34369663824,8
144,INTC,12341500000,8
144,META,74865014464,8
144,MSTR,15869700000,8
144,NVDA,22566018707,8
144,QQQ,74535972577,8
144,RDDT,151175546229420000000,18
144,SGOV,10116851865,8
144,SPCX,14864299999,8
144,SPY,77232802713,8
144,TSLA,37174710000,8
144,TSM,45203627384,8
145,AAPL,34145318048,8
145,COIN,19495499999,8
145,CRCL,8736000000,8
145,DELL,56337588961,8
145,GLD,391895059010220000000,18
145,GME,2345595000,8
145,GOOGL,34369663824,8
145,INTC,12341500000,8
145,META,74865014464,8
145,MSTR,15869700000,8
145,NVDA,22566018707,8
145,QQQ,74535972577,8
145,RDDT,151145316531720000000,18
145,SGOV,10116851865,8
145,SPCX,14864299999,8
145,SPY,77232802713,8
145,TSLA,37174710000,8
145,TSM,45203627384,8
146,AAPL,34145318048,8
146,COIN,19495499999,8
146,CRCL,8736000000,8
146,DELL,56337588961,8
146,GLD,391895059010220000000,18
146,GME,2345595000,8
146,GOOGL,34369663824,8
146,INTC,12341500000,8
146,META,74865014464,8
146,MSTR,15869700000,8
146,NVDA,22566018707,8
146,QQQ,74535972577,8
146,RDDT,151145316531720000000,18
146,SGOV,10116851865,8
146,SPCX,14864299999,8
146,SPY,77232802713,8
146,TSLA,37174710000,8
146,TSM,45203627384,8
147,AAPL,34145318048,8
147,COIN,19495499999,8
147,CRCL,8736000000,8
147,DELL,56337588961,8
147,GLD,391895059010220000000,18
147,GME,2345595000,8
147,GOOGL,34369663824,8
147,INTC,12341500000,8
147,META,74865014464,8
147,MSTR,15869700000,8
147,NVDA,22566018707,8
147,QQQ,74535972577,8
147,RDDT,151130202682860000000,18
147,SGOV,10116851865,8
147,SPCX,14864299999,8
147,SPY,77232802713,8
147,TSLA,37174710000,8
147,TSM,45203627384,8
148,AAPL,34145318048,8
148,COIN,19495499999,8
148,CRCL,8736000000,8
148,DELL,56337588961,8
148,GLD,391895059010220000000,18
148,GME,2345595000,8
148,GOOGL,34369663824,8
148,INTC,12341500000,8
148,META,74865014464,8
148,MSTR,15869700000,8
148,NVDA,22566018707,8
148,QQQ,74535972577,8
148,RDDT,151130202682860000000,18
148,SGOV,10116851865,8
148,SPCX,14864299999,8
148,SPY,77232802713,8
148,TSLA,37174710000,8
148,TSM,45203627384,8
149,AAPL,34145318048,8
149,COIN,19495499999,8
149,CRCL,8736000000,8
149,DELL,56337588961,8
149,GLD,391869903014822180000,18
149,GME,2345595000,8
149,GOOGL,34369663824,8
149,INTC,12341500000,8
149,META,74865014464,8
149,MSTR,15869700000,8
149,NVDA,22566018707,8
149,QQQ,74535972577,8
149,RDDT,151105391659223430000,18
149,SGOV,10116851865,8
149,SPCX,14864299999,8
149,SPY,77232802713,8
149,TSLA,37174710000,8
149,TSM,45203627384,8
150,AAPL,34145318048,8
150,COIN,19495499999,8
150,CRCL,8736000000,8
150,DELL,56337588961,8
150,GLD,388592145209716370000,18
150,GME,2345595000,8
150,GOOGL,34369663824,8
150,INTC,12341500000,8
150,META,74865014464,8
150,MSTR,15869700000,8
150,NVDA,22566018707,8
150,QQQ,74535972577,8
150,RDDT,151105391659223430000,18
150,SGOV,10116851865,8
150,SPCX,14864299999,8
150,SPY,77232802713,8
150,TSLA,37174710000,8
150,TSM,45203627384,8
151,AAPL,34145318048,8
151,COIN,19495499999,8
151,CRCL,8736000000,8
151,DELL,56337588961,8
151,GLD,388592145209716370000,18
151,GME,2345595000,8
151,GOOGL,34369663824,8
151,INTC,12341500000,8
151,META,74865014464,8
151,MSTR,15869700000,8
151,NVDA,22566018707,8
151,QQQ,74535972577,8
151,RDDT,151090282780234330000,18
151,SGOV,10116851865,8
151,SPCX,14864299999,8
151,SPY,77232802713,8
151,TSLA,37174710000,8
151,TSM,45203627384,8
152,AAPL,34145318048,8
152,COIN,19495499999,8
152,CRCL,8736000000,8
152,DELL,56337588961,8
152,GLD,388592145209716370000,18
152,GME,2345595000,8
152,GOOGL,34369663824,8
152,INTC,12341500000,8
152,META,74865014464,8
152,MSTR,15869700000,8
152,NVDA,22566018707,8
152,QQQ,74535972577,8
152,RDDT,151090282780234330000,18
152,SGOV,10116851865,8
152,SPCX,14864299999,8
152,SPY,77232802713,8
152,TSLA,37174710000,8
152,TSM,45203627384,8
153,AAPL,34145318048,8
153,COIN,19495499999,8
153,CRCL,8736000000,8
153,DELL,56337588961,8
153,GLD,388592145209716370000,18
153,GME,2345595000,8
153,GOOGL,34369663824,8
153,INTC,12341500000,8
153,META,74865014464,8
153,MSTR,15869700000,8
153,NVDA,22566018707,8
153,QQQ,74535972577,8
153,RDDT,151090282780234330000,18
153,SGOV,10116851865,8
153,SPCX,14864299999,8
153,SPY,77232802713,8
153,TSLA,37174710000,8
153,TSM,45203627384,8
154,AAPL,34145318048,8
154,COIN,19495499999,8
154,CRCL,8736000000,8
154,DELL,56337588961,8
154,GLD,388592145209716370000,18
154,GME,2345595000,8
154,GOOGL,34369663824,8
154,INTC,12341500000,8
154,META,74865014464,8
154,MSTR,15869700000,8
154,NVDA,22566018707,8
154,QQQ,74535972577,8
154,RDDT,151090282780234330000,18
154,SGOV,10116851865,8
154,SPCX,14864299999,8
154,SPY,77232802713,8
154,TSLA,37174710000,8
154,TSM,45203627384,8
155,AAPL,34145318048,8
155,COIN,19495499999,8
155,CRCL,8736000000,8
155,DELL,56337588961,8
155,GLD,388592145209716370000,18
155,GME,2345595000,8
155,GOOGL,34369663824,8
155,INTC,12341500000,8
155,META,74865014464,8
155,MSTR,15869700000,8
155,NVDA,22566018707,8
155,QQQ,74535972577,8
155,RDDT,151090282780234330000,18
155,SGOV,10116851865,8
155,SPCX,14864299999,8
155,SPY,77232802713,8
155,TSLA,37174710000,8
155,TSM,45203627384,8
156,AAPL,34145318048,8
156,COIN,19495499999,8
156,CRCL,8736000000,8
156,DELL,56337588961,8
156,GLD,388669867443076050000,18
156,GME,2345595000,8
156,GOOGL,34369663824,8
156,INTC,12341500000,8
156,META,74865014464,8
156,MSTR,15869700000,8
156,NVDA,22566018707,8
156,QQQ,74535972577,8
156,RDDT,151090282780234330000,18
156,SGOV,10116851865,8
156,SPCX,14864299999,8
156,SPY,77232802713,8
156,TSLA,37174710000,8
156,TSM,45203627384,8
157,AAPL,34145318048,8
157,COIN,19495499999,8
157,CRCL,8736000000,8
157,DELL,56337588961,8
157,GLD,388669867443076050000,18
157,GME,2345595000,8
157,GOOGL,34369663824,8
157,INTC,12341500000,8
157,META,74865014464,8
157,MSTR,15869700000,8
157,NVDA,22566018707,8
157,QQQ,74535972577,8
157,RDDT,151075174901171040000,18
157,SGOV,10116851865,8
157,SPCX,14864299999,8
157,SPY,77232802713,8
157,TSLA,37174710000,8
157,TSM,45203627384,8
158,AAPL,34145318048,8
158,COIN,19495499999,8
158,CRCL,8736000000,8
158,DELL,56337588961,8
158,GLD,388669867443076050000,18
158,GME,2345595000,8
158,GOOGL,34369663824,8
158,INTC,12341500000,8
158,META,74865014464,8
158,MSTR,15869700000,8
158,NVDA,22566018707,8
158,QQQ,74535972577,8
158,RDDT,151075174901171040000,18
158,SGOV,10116851865,8
158,SPCX,14864299999,8
158,SPY,77232802713,8
158,TSLA,37174710000,8
158,TSM,45203627384,8
159,AAPL,34145318048,8
159,COIN,19495499999,8
159,CRCL,8736000000,8
159,DELL,56337588961,8
159,GLD,388669867443076050000,18
159,GME,2345595000,8
159,GOOGL,34369663824,8
159,INTC,12341500000,8
159,META,74865014464,8
159,MSTR,15869700000,8
159,NVDA,22566018707,8
159,QQQ,74535972577,8
159,RDDT,151075174901171040000,18
159,SGOV,10116851865,8
159,SPCX,14864299999,8
159,SPY,77232802713,8
159,TSLA,37174710000,8
159,TSM,45203627384,8
160,AAPL,34145318048,8
160,COIN,19495499999,8
160,CRCL,8736000000,8
160,DELL,56337588961,8
160,GLD,388669867443076050000,18
160,GME,2345595000,8
160,GOOGL,34369663824,8
160,INTC,12341500000,8
160,META,74865014464,8
160,MSTR,15869700000,8
160,NVDA,22566018707,8
160,QQQ,74535972577,8
160,RDDT,151075174901171040000,18
160,SGOV,10116851865,8
160,SPCX,14864299999,8
160,SPY,77232802713,8
160,TSLA,37174710000,8
160,TSM,45203627384,8
161,AAPL,34145318048,8
161,COIN,19495499999,8
161,CRCL,8736000000,8
161,DELL,56337588961,8
161,GLD,388669867443076050000,18
161,GME,2345595000,8
161,GOOGL,34369663824,8
161,INTC,12341500000,8
161,META,74865014464,8
161,MSTR,15869700000,8
161,NVDA,22566018707,8
161,QQQ,74535972577,8
161,RDDT,151075174901171040000,18
161,SGOV,10116851865,8
161,SPCX,14864299999,8
161,SPY,77232802713,8
161,TSLA,37174710000,8
161,TSM,45203627384,8
162,AAPL,34145318048,8
162,COIN,19495499999,8
162,CRCL,8736000000,8
162,DELL,56337588961,8
162,GLD,388669867443076050000,18
162,GME,2345595000,8
162,GOOGL,34369663824,8
162,INTC,12341500000,8
162,META,74865014464,8
162,MSTR,15869700000,8
162,NVDA,22566018707,8
162,QQQ,74535972577,8
162,RDDT,151075174901171040000,18
162,SGOV,10116851865,8
162,SPCX,14864299999,8
162,SPY,77232802713,8
162,TSLA,37174710000,8
162,TSM,45203627384,8
163,AAPL,34145318048,8
163,COIN,19495499999,8
163,CRCL,8736000000,8
163,DELL,56337588961,8
163,GLD,388669867443076050000,18
163,GME,2345595000,8
163,GOOGL,34369663824,8
163,INTC,12341500000,8
163,META,74865014464,8
163,MSTR,15869700000,8
163,NVDA,22566018707,8
163,QQQ,74535972577,8
163,RDDT,151075174901171040000,18
163,SGOV,10116851865,8
163,SPCX,14864299999,8
163,SPY,77232802713,8
163,TSLA,37174710000,8
163,TSM,45203627384,8
164,AAPL,34145318048,8
164,COIN,19495499999,8
164,CRCL,8736000000,8
164,DELL,56337588961,8
164,GLD,388669867443076050000,18
164,GME,2345595000,8
164,GOOGL,34369663824,8
164,INTC,12341500000,8
164,META,74865014464,8
164,MSTR,15869700000,8
164,NVDA,22566018707,8
164,QQQ,74535972577,8
164,RDDT,151075174901171040000,18
164,SGOV,10116851865,8
164,SPCX,14864299999,8
164,SPY,77232802713,8
164,TSLA,37174710000,8
164,TSM,45203627384,8
165,AAPL,34145318048,8
165,COIN,19495499999,8
165,CRCL,8736000000,8
165,DELL,56337588961,8
165,GLD,388669867443076050000,18
165,GME,2345595000,8
165,GOOGL,34369663824,8
165,INTC,12341500000,8
165,META,74865014464,8
165,MSTR,15869700000,8
165,NVDA,22566018707,8
165,QQQ,74535972577,8
165,RDDT,151075174901171040000,18
165,SGOV,10116851865,8
165,SPCX,14864299999,8
165,SPY,77232802713,8
165,TSLA,37174710000,8
165,TSM,45203627384,8
166,AAPL,34145318048,8
166,COIN,19495499999,8
166,CRCL,8736000000,8
166,DELL,56337588961,8
166,GLD,388669867443076050000,18
166,GME,2345595000,8
166,GOOGL,34369663824,8
166,INTC,12341500000,8
166,META,74865014464,8
166,MSTR,15869700000,8
166,NVDA,22566018707,8
166,QQQ,74535972577,8
166,RDDT,151075174901171040000,18
166,SGOV,10116851865,8
166,SPCX,14864299999,8
166,SPY,77232802713,8
166,TSLA,37174710000,8
166,TSM,45203627384,8
167,AAPL,34145318048,8
167,COIN,19495499999,8
167,CRCL,8736000000,8
167,DELL,56337588961,8
167,GLD,388669867443076050000,18
167,GME,2345595000,8
167,GOOGL,34369663824,8
167,INTC,12341500000,8
167,META,74865014464,8
167,MSTR,15869700000,8
167,NVDA,22566018707,8
167,QQQ,74535972577,8
167,RDDT,151075174901171040000,18
167,SGOV,10116851865,8
167,SPCX,14864299999,8
167,SPY,77232802713,8
167,TSLA,37174710000,8
167,TSM,45203627384,8
168,AAPL,34145318048,8
168,COIN,19495499999,8
168,CRCL,8736000000,8
168,DELL,56337588961,8
168,GLD,388669867443076050000,18
168,GME,2345595000,8
168,GOOGL,34369663824,8
168,INTC,12341500000,8
168,META,74865014464,8
168,MSTR,15869700000,8
168,NVDA,22566018707,8
168,QQQ,74535972577,8
168,RDDT,151075174901171040000,18
168,SGOV,10116851865,8
168,SPCX,14864299999,8
168,SPY,77232802713,8
168,TSLA,37174710000,8
168,TSM,45203627384,8
169,AAPL,34145318048,8
169,COIN,19495499999,8
169,CRCL,8736000000,8
169,DELL,56337588961,8
169,GLD,388669867443076050000,18
169,GME,2345595000,8
169,GOOGL,34369663824,8
169,INTC,12341500000,8
169,META,74865014464,8
169,MSTR,15869700000,8
169,NVDA,22566018707,8
169,QQQ,74535972577,8
169,RDDT,151075174901171040000,18
169,SGOV,10116851865,8
169,SPCX,14864299999,8
169,SPY,77232802713,8
169,TSLA,37174710000,8
169,TSM,45203627384,8
170,AAPL,34145318048,8
170,COIN,19495499999,8
170,CRCL,8736000000,8
170,DELL,56337588961,8
170,GLD,388669867443076050000,18
170,GME,2345595000,8
170,GOOGL,34369663824,8
170,INTC,12341500000,8
170,META,74865014464,8
170,MSTR,15869700000,8
170,NVDA,22566018707,8
170,QQQ,74535972577,8
170,RDDT,151075174901171040000,18
170,SGOV,10116851865,8
170,SPCX,14864299999,8
170,SPY,77232802713,8
170,TSLA,37174710000,8
170,TSM,45203627384,8
171,AAPL,34145318048,8
171,COIN,19495499999,8
171,CRCL,8736000000,8
171,DELL,56337588961,8
171,GLD,388669867443076050000,18
171,GME,2345595000,8
171,GOOGL,34369663824,8
171,INTC,12341500000,8
171,META,74865014464,8
171,MSTR,15869700000,8
171,NVDA,22566018707,8
171,QQQ,74535972577,8
171,RDDT,151075174901171040000,18
171,SGOV,10116851865,8
171,SPCX,14864299999,8
171,SPY,77232802713,8
171,TSLA,37174710000,8
171,TSM,45203627384,8
172,AAPL,34145318048,8
172,COIN,19495499999,8
172,CRCL,8736000000,8
172,DELL,56337588961,8
172,GLD,388669867443076050000,18
172,GME,2345595000,8
172,GOOGL,34369663824,8
172,INTC,12341500000,8
172,META,74865014464,8
172,MSTR,15869700000,8
172,NVDA,22566018707,8
172,QQQ,74535972577,8
172,RDDT,151075174901171040000,18
172,SGOV,10116851865,8
172,SPCX,14864299999,8
172,SPY,77232802713,8
172,TSLA,37174710000,8
172,TSM,45203627384,8
173,AAPL,34145318048,8
173,COIN,19495499999,8
173,CRCL,8736000000,8
173,DELL,56337588961,8
173,GLD,388669867443076050000,18
173,GME,2345595000,8
173,GOOGL,34369663824,8
173,INTC,12341500000,8
173,META,74865014464,8
173,MSTR,15869700000,8
173,NVDA,22566018707,8
173,QQQ,74535972577,8
173,RDDT,151075174901171040000,18
173,SGOV,10116851865,8
173,SPCX,14864299999,8
173,SPY,77232802713,8
173,TSLA,37174710000,8
173,TSM,45203627384,8
174,AAPL,34145318048,8
174,COIN,19495499999,8
174,CRCL,8736000000,8
174,DELL,56337588961,8
174,GLD,388669867443076050000,18
174,GME,2345595000,8
174,GOOGL,34369663824,8
174,INTC,12341500000,8
174,META,74865014464,8
174,MSTR,15869700000,8
174,NVDA,22566018707,8
174,QQQ,74535972577,8
174,RDDT,151075174901171040000,18
174,SGOV,10116851865,8
174,SPCX,14864299999,8
174,SPY,77232802713,8
174,TSLA,37174710000,8
174,TSM,45203627384,8
175,AAPL,34145318048,8
175,COIN,19495499999,8
175,CRCL,8736000000,8
175,DELL,56337588961,8
175,GLD,388747605675248690000,18
175,GME,2345595000,8
175,GOOGL,34369663824,8
175,INTC,12341500000,8
175,META,74865014464,8
175,MSTR,15869700000,8
175,NVDA,22566018707,8
175,QQQ,74535972577,8
175,RDDT,151075174901171040000,18
175,SGOV,10116851865,8
175,SPCX,14864299999,8
175,SPY,77232802713,8
175,TSLA,37174710000,8
175,TSM,45203627384,8
176,AAPL,34145318048,8
176,COIN,19495499999,8
176,CRCL,8736000000,8
176,DELL,56337588961,8
176,GLD,388747605675248690000,18
176,GME,2345595000,8
176,GOOGL,34369663824,8
176,INTC,12341500000,8
176,META,74865014464,8
176,MSTR,15869700000,8
176,NVDA,22566018707,8
176,QQQ,74535972577,8
176,RDDT,151075174901171040000,18
176,SGOV,10116851865,8
176,SPCX,14864299999,8
176,SPY,77232802713,8
176,TSLA,37174710000,8
176,TSM,45203627384,8
177,AAPL,34145318048,8
177,COIN,19495499999,8
177,CRCL,8736000000,8
177,DELL,56337588961,8
177,GLD,388747605675248690000,18
177,GME,2345595000,8
177,GOOGL,34369663824,8
177,INTC,12341500000,8
177,META,74865014464,8
177,MSTR,15869700000,8
177,NVDA,22566018707,8
177,QQQ,74535972577,8
177,RDDT,151075174901171040000,18
177,SGOV,10116851865,8
177,SPCX,14864299999,8
177,SPY,77232802713,8
177,TSLA,37174710000,8
177,TSM,45203627384,8
178,AAPL,34145318048,8
178,COIN,19495499999,8
178,CRCL,8736000000,8
178,DELL,56337588961,8
178,GLD,388825358906308480000,18
178,GME,2345595000,8
178,GOOGL,34369663824,8
178,INTC,12341500000,8
178,META,74865014464,8
178,MSTR,15869700000,8
178,NVDA,22566018707,8
178,QQQ,74535972577,8
178,RDDT,151075174901171040000,18
178,SGOV,10116851865,8
178,SPCX,14864299999,8
178,SPY,77232802713,8
178,TSLA,37174710000,8
178,TSM,45203627384,8
179,AAPL,34145318048,8
179,COIN,19495499999,8
179,CRCL,8736000000,8
179,DELL,56337588961,8
179,GLD,388825358906308480000,18
179,GME,2345595000,8
179,GOOGL,34369663824,8
179,INTC,12341500000,8
179,META,74865014464,8
179,MSTR,15869700000,8
179,NVDA,22566018707,8
179,QQQ,74535972577,8
179,RDDT,151075174901171040000,18
179,SGOV,10116851865,8
179,SPCX,14864299999,8
179,SPY,77232802713,8
179,TSLA,37174710000,8
179,TSM,45203627384,8
180,AAPL,34145318048,8
180,COIN,19495499999,8
180,CRCL,8736000000,8
180,DELL,56337588961,8
180,GLD,388825358906308480000,18
180,GME,2345595000,8
180,GOOGL,34369663824,8
180,INTC,12341500000,8
180,META,74865014464,8
180,MSTR,15869700000,8
180,NVDA,22566018707,8
180,QQQ,74535972577,8
180,RDDT,151075174901171040000,18
180,SGOV,10116851865,8
180,SPCX,14864299999,8
180,SPY,77232802713,8
180,TSLA,37174710000,8
180,TSM,45203627384,8
181,AAPL,34145318048,8
181,COIN,19495499999,8
181,CRCL,8736000000,8
181,DELL,56337588961,8
181,GLD,388825358906308480000,18
181,GME,2345595000,8
181,GOOGL,34369663824,8
181,INTC,12341500000,8
181,META,74865014464,8
181,MSTR,15869700000,8
181,NVDA,22566018707,8
181,QQQ,74535972577,8
181,RDDT,151075174901171040000,18
181,SGOV,10116851865,8
181,SPCX,14864299999,8
181,SPY,77232802713,8
181,TSLA,37174710000,8
181,TSM,45203627384,8
182,AAPL,34145318048,8
182,COIN,19495499999,8
182,CRCL,8736000000,8
182,DELL,56337588961,8
182,GLD,388825358906308480000,18
182,GME,2345595000,8
182,GOOGL,34369663824,8
182,INTC,12341500000,8
182,META,74865014464,8
182,MSTR,15869700000,8
182,NVDA,22566018707,8
182,QQQ,74535972577,8
182,RDDT,151075174901171040000,18
182,SGOV,10116851865,8
182,SPCX,14864299999,8
182,SPY,77232802713,8
182,TSLA,37174710000,8
182,TSM,45203627384,8
183,AAPL,34145318048,8
183,COIN,19495499999,8
183,CRCL,8736000000,8
183,DELL,56337588961,8
183,GLD,388864242021356140000,18
183,GME,2345595000,8
183,GOOGL,34369663824,8
183,INTC,12341500000,8
183,META,74865014464,8
183,MSTR,15869700000,8
183,NVDA,22566018707,8
183,QQQ,74535972577,8
183,RDDT,151075174901171040000,18
183,SGOV,10116851865,8
183,SPCX,14864299999,8
183,SPY,77232802713,8
183,TSLA,37174710000,8
183,TSM,45203627384,8
184,AAPL,34145318048,8
184,COIN,19495499999,8
184,CRCL,8736000000,8
184,DELL,56337588961,8
184,GLD,388864242021356140000,18
184,GME,2345595000,8
184,GOOGL,34369663824,8
184,INTC,12341500000,8
184,META,74865014464,8
184,MSTR,15869700000,8
184,NVDA,22566018707,8
184,QQQ,74535972577,8
184,RDDT,151075174901171040000,18
184,SGOV,10116851865,8
184,SPCX,14864299999,8
184,SPY,77232802713,8
184,TSLA,37174710000,8
184,TSM,45203627384,8
185,AAPL,34145318048,8
185,COIN,19495499999,8
185,CRCL,8736000000,8
185,DELL,56337588961,8
185,GLD,388864242021356140000,18
185,GME,2345595000,8
185,GOOGL,34369663824,8
185,INTC,12341500000,8
185,META,74865014464,8
185,MSTR,15869700000,8
185,NVDA,22566018707,8
185,QQQ,74535972577,8
185,RDDT,151075174901171040000,18
185,SGOV,10116851865,8
185,SPCX,14864299999,8
185,SPY,77232802713,8
185,TSLA,37174710000,8
185,TSM,45203627384,8
186,AAPL,34145318048,8
186,COIN,19495499999,8
186,CRCL,8736000000,8
186,DELL,56337588961,8
186,GLD,388864242021356140000,18
186,GME,2345595000,8
186,GOOGL,34369663824,8
186,INTC,12341500000,8
186,META,74865014464,8
186,MSTR,15869700000,8
186,NVDA,22566018707,8
186,QQQ,74535972577,8
186,RDDT,151075174901171040000,18
186,SGOV,10116851865,8
186,SPCX,14864299999,8
186,SPY,77232802713,8
186,TSLA,37174710000,8
186,TSM,45203627384,8
187,AAPL,34145318048,8
187,COIN,19495499999,8
187,CRCL,8736000000,8
187,DELL,56337588961,8
187,GLD,388864242021356140000,18
187,GME,2345595000,8
187,GOOGL,34369663824,8
187,INTC,12341500000,8
187,META,74865014464,8
187,MSTR,15869700000,8
187,NVDA,22566018707,8
187,QQQ,74535972577,8
187,RDDT,151075174901171040000,18
187,SGOV,10116851865,8
187,SPCX,14864299999,8
187,SPY,77232802713,8
187,TSLA,37174710000,8
187,TSM,45203627384,8
188,AAPL,34145318048,8
188,COIN,19495499999,8
188,CRCL,8736000000,8
188,DELL,56337588961,8
188,GLD,388864242021356140000,18
188,GME,2345595000,8
188,GOOGL,34369663824,8
188,INTC,12341500000,8
188,META,74865014464,8
188,MSTR,15869700000,8
188,NVDA,22566018707,8
188,QQQ,74535972577,8
188,RDDT,151075174901171040000,18
188,SGOV,10116851865,8
188,SPCX,14864299999,8
188,SPY,77232802713,8
188,TSLA,37174710000,8
188,TSM,45203627384,8
189,AAPL,34145318048,8
189,COIN,19495499999,8
189,CRCL,8736000000,8
189,DELL,56337588961,8
189,GLD,388864242021356140000,18
189,GME,2345595000,8
189,GOOGL,34369663824,8
189,INTC,12341500000,8
189,META,74865014464,8
189,MSTR,15869700000,8
189,NVDA,22566018707,8
189,QQQ,74535972577,8
189,RDDT,151075174901171040000,18
189,SGOV,10116851865,8
189,SPCX,14864299999,8
189,SPY,77232802713,8
189,TSLA,37174710000,8
189,TSM,45203627384,8
190,AAPL,34145318048,8
190,COIN,19495499999,8
190,CRCL,8736000000,8
190,DELL,56337588961,8
190,GLD,388864242021356140000,18
190,GME,2345595000,8
190,GOOGL,34369663824,8
190,INTC,12341500000,8
190,META,74865014464,8
190,MSTR,15869700000,8
190,NVDA,22566018707,8
190,QQQ,74535972577,8
190,RDDT,151075174901171040000,18
190,SGOV,10116851865,8
190,SPCX,14864299999,8
190,SPY,77232802713,8
190,TSLA,37174710000,8
190,TSM,45203627384,8
191,AAPL,34145318048,8
191,COIN,19495499999,8
191,CRCL,8736000000,8
191,DELL,56337588961,8
191,GLD,388864242021356140000,18
191,GME,2345595000,8
191,GOOGL,34369663824,8
191,INTC,12341500000,8
191,META,74865014464,8
191,MSTR,15869700000,8
191,NVDA,22566018707,8
191,QQQ,74535972577,8
191,RDDT,151075174901171040000,18
191,SGOV,10116851865,8
191,SPCX,14864299999,8
191,SPY,77232802713,8
191,TSLA,37174710000,8
191,TSM,45203627384,8
192,AAPL,34145318048,8
192,COIN,19495499999,8
192,CRCL,8736000000,8
192,DELL,56337588961,8
192,GLD,388864242021356140000,18
192,GME,2345595000,8
192,GOOGL,34369663824,8
192,INTC,12341500000,8
192,META,74865014464,8
192,MSTR,15869700000,8
192,NVDA,22566018707,8
192,QQQ,74535972577,8
192,RDDT,151075174901171040000,18
192,SGOV,10116851865,8
192,SPCX,14864299999,8
192,SPY,77232802713,8
192,TSLA,37174710000,8
192,TSM,45203627384,8
193,AAPL,34145318048,8
193,COIN,19495499999,8
193,CRCL,8736000000,8
193,DELL,56337588961,8
193,GLD,388864242021356140000,18
193,GME,2345595000,8
193,GOOGL,34369663824,8
193,INTC,12341500000,8
193,META,74865014464,8
193,MSTR,15869700000,8
193,NVDA,22566018707,8
193,QQQ,74535972577,8
193,RDDT,151075174901171040000,18
193,SGOV,10116851865,8
193,SPCX,14864299999,8
193,SPY,77232802713,8
193,TSLA,37174710000,8
193,TSM,45203627384,8
194,AAPL,34145318048,8
194,COIN,19495499999,8
194,CRCL,8736000000,8
194,DELL,56337588961,8
194,GLD,388864242021356140000,18
194,GME,2345595000,8
194,GOOGL,34369663824,8
194,INTC,12341500000,8
194,META,74865014464,8
194,MSTR,15869700000,8
194,NVDA,22566018707,8
194,QQQ,74535972577,8
194,RDDT,151075174901171040000,18
194,SGOV,10116851865,8
194,SPCX,14864299999,8
194,SPY,77232802713,8
194,TSLA,37174710000,8
194,TSM,45203627384,8
195,AAPL,34145318048,8
195,COIN,19495499999,8
195,CRCL,8736000000,8
195,DELL,56337588961,8
195,GLD,388864242021356140000,18
195,GME,2345595000,8
195,GOOGL,34369663824,8
195,INTC,12341500000,8
195,META,74865014464,8
195,MSTR,15869700000,8
195,NVDA,22566018707,8
195,QQQ,74535972577,8
195,RDDT,151075174901171040000,18
195,SGOV,10116851865,8
195,SPCX,14864299999,8
195,SPY,77232802713,8
195,TSLA,37174710000,8
195,TSM,45203627384,8
196,AAPL,34145318048,8
196,COIN,19495499999,8
196,CRCL,8736000000,8
196,DELL,56337588961,8
196,GLD,388864242021356140000,18
196,GME,2345595000,8
196,GOOGL,34369663824,8
196,INTC,12341500000,8
196,META,74865014464,8
196,MSTR,15869700000,8
196,NVDA,22566018707,8
196,QQQ,74535972577,8
196,RDDT,151075174901171040000,18
196,SGOV,10116851865,8
196,SPCX,14864299999,8
196,SPY,77232802713,8
196,TSLA,37174710000,8
196,TSM,45203627384,8
197,AAPL,34145318048,8
197,COIN,19495499999,8
197,CRCL,8736000000,8
197,DELL,56337588961,8
197,GLD,388864242021356140000,18
197,GME,2345595000,8
197,GOOGL,34369663824,8
197,INTC,12341500000,8
197,META,74865014464,8
197,MSTR,15869700000,8
197,NVDA,22566018707,8
197,QQQ,74535972577,8
197,RDDT,151075174901171040000,18
197,SGOV,10116851865,8
197,SPCX,14864299999,8
197,SPY,77232802713,8
197,TSLA,37174710000,8
197,TSM,45203627384,8
198,AAPL,34145318048,8
198,COIN,19495499999,8
198,CRCL,8736000000,8
198,DELL,56337588961,8
198,GLD,388864242021356140000,18
198,GME,2345595000,8
198,GOOGL,34369663824,8
198,INTC,12341500000,8
198,META,74865014464,8
198,MSTR,15869700000,8
198,NVDA,22566018707,8
198,QQQ,74535972577,8
198,RDDT,151075174901171040000,18
198,SGOV,10116851865,8
198,SPCX,14864299999,8
198,SPY,77232802713,8
198,TSLA,37174710000,8
198,TSM,45203627384,8
199,AAPL,34145318048,8
199,COIN,19495499999,8
199,CRCL,8736000000,8
199,DELL,56337588961,8
199,GLD,388864242021356140000,18
199,GME,2345595000,8
199,GOOGL,34369663824,8
199,INTC,12341500000,8
199,META,74865014464,8
199,MSTR,15869700000,8
199,NVDA,22566018707,8
199,QQQ,74535972577,8
199,RDDT,151075174901171040000,18
199,SGOV,10116851865,8
199,SPCX,14864299999,8
199,SPY,77232802713,8
199,TSLA,37174710000,8
199,TSM,45203627384,8
200,AAPL,34145318048,8
200,COIN,19495499999,8
200,CRCL,8736000000,8
200,DELL,56337588961,8
200,GLD,388864242021356140000,18
200,GME,2345595000,8
200,GOOGL,34369663824,8
200,INTC,12341500000,8
200,META,74865014464,8
200,MSTR,15869700000,8
200,NVDA,22566018707,8
200,QQQ,74535972577,8
200,RDDT,151075174901171040000,18
200,SGOV,10116851865,8
200,SPCX,14864299999,8
200,SPY,77232802713,8
200,TSLA,37174710000,8
200,TSM,45203627384,8
201,AAPL,34145318048,8
201,COIN,19495499999,8
201,CRCL,8736000000,8
201,DELL,56337588961,8
201,GLD,388864242021356140000,18
201,GME,2345595000,8
201,GOOGL,34369663824,8
201,INTC,12341500000,8
201,META,74865014464,8
201,MSTR,15869700000,8
201,NVDA,22566018707,8
201,QQQ,74535972577,8
201,RDDT,151075174901171040000,18
201,SGOV,10116851865,8
201,SPCX,14864299999,8
201,SPY,77232802713,8
201,TSLA,37174710000,8
201,TSM,45203627384,8
202,AAPL,34145318048,8
202,COIN,19495499999,8
202,CRCL,8736000000,8
202,DELL,56337588961,8
202,GLD,388864242021356140000,18
202,GME,2345595000,8
202,GOOGL,34369663824,8
202,INTC,12341500000,8
202,META,74865014464,8
202,MSTR,15869700000,8
202,NVDA,22566018707,8
202,QQQ,74535972577,8
202,RDDT,151075174901171040000,18
202,SGOV,10116851865,8
202,SPCX,14864299999,8
202,SPY,77232802713,8
202,TSLA,37174710000,8
202,TSM,45203627384,8
203,AAPL,34145318048,8
203,COIN,19495499999,8
203,CRCL,8736000000,8
203,DELL,56337588961,8
203,GLD,388864242021356140000,18
203,GME,2345595000,8
203,GOOGL,34369663824,8
203,INTC,12341500000,8
203,META,74865014464,8
203,MSTR,15869700000,8
203,NVDA,22566018707,8
203,QQQ,74535972577,8
203,RDDT,151075174901171040000,18
203,SGOV,10116851865,8
203,SPCX,14864299999,8
203,SPY,77232802713,8
203,TSLA,37174710000,8
203,TSM,45203627384,8
204,AAPL,34145318048,8
204,COIN,19495499999,8
204,CRCL,8736000000,8
204,DELL,56337588961,8
204,GLD,388864242021356140000,18
204,GME,2345595000,8
204,GOOGL,34369663824,8
204,INTC,12341500000,8
204,META,74865014464,8
204,MSTR,15869700000,8
204,NVDA,22566018707,8
204,QQQ,74535972577,8
204,RDDT,151075174901171040000,18
204,SGOV,10116851865,8
204,SPCX,14864299999,8
204,SPY,77232802713,8
204,TSLA,37174710000,8
204,TSM,45203627384,8
205,AAPL,34145318048,8
205,COIN,19495499999,8
205,CRCL,8736000000,8
205,DELL,56337588961,8
205,GLD,388864242021356140000,18
205,GME,2345595000,8
205,GOOGL,34369663824,8
205,INTC,12341500000,8
205,META,74865014464,8
205,MSTR,15869700000,8
205,NVDA,22566018707,8
205,QQQ,74535972577,8
205,RDDT,151075174901171040000,18
205,SGOV,10116851865,8
205,SPCX,14864299999,8
205,SPY,77232802713,8
205,TSLA,37174710000,8
205,TSM,45203627384,8
206,AAPL,34145318048,8
206,COIN,19495499999,8
206,CRCL,8736000000,8
206,DELL,56337588961,8
206,GLD,388864242021356140000,18
206,GME,2345595000,8
206,GOOGL,34369663824,8
206,INTC,12341500000,8
206,META,74865014464,8
206,MSTR,15869700000,8
206,NVDA,22566018707,8
206,QQQ,74535972577,8
206,RDDT,151075174901171040000,18
206,SGOV,10116851865,8
206,SPCX,14864299999,8
206,SPY,77232802713,8
206,TSLA,37174710000,8
206,TSM,45203627384,8
207,AAPL,34145318048,8
207,COIN,19495499999,8
207,CRCL,8736000000,8
207,DELL,56337588961,8
207,GLD,388864242021356140000,18
207,GME,2345595000,8
207,GOOGL,34369663824,8
207,INTC,12341500000,8
207,META,74865014464,8
207,MSTR,15869700000,8
207,NVDA,22566018707,8
207,QQQ,74535972577,8
207,RDDT,151075174901171040000,18
207,SGOV,10116851865,8
207,SPCX,14864299999,8
207,SPY,77232802713,8
207,TSLA,37174710000,8
207,TSM,45203627384,8
208,AAPL,34145318048,8
208,COIN,19495499999,8
208,CRCL,8736000000,8
208,DELL,56337588961,8
208,GLD,388864242021356140000,18
208,GME,2345595000,8
208,GOOGL,34369663824,8
208,INTC,12341500000,8
208,META,74865014464,8
208,MSTR,15869700000,8
208,NVDA,22566018707,8
208,QQQ,74535972577,8
208,RDDT,151075174901171040000,18
208,SGOV,10116851865,8
208,SPCX,14864299999,8
208,SPY,77232802713,8
208,TSLA,37174710000,8
208,TSM,45203627384,8
209,AAPL,34145318048,8
209,COIN,19495499999,8
209,CRCL,8736000000,8
209,DELL,56337588961,8
209,GLD,388864242021356140000,18
209,GME,2345595000,8
209,GOOGL,34369663824,8
209,INTC,12341500000,8
209,META,74865014464,8
209,MSTR,15869700000,8
209,NVDA,22566018707,8
209,QQQ,74535972577,8
209,RDDT,151075174901171040000,18
209,SGOV,10116851865,8
209,SPCX,14864299999,8
209,SPY,77232802713,8
209,TSLA,37174710000,8
209,TSM,45203627384,8
210,AAPL,34145318048,8
210,COIN,19495499999,8
210,CRCL,8736000000,8
210,DELL,56337588961,8
210,GLD,388864242021356140000,18
210,GME,2345595000,8
210,GOOGL,34369663824,8
210,INTC,12341500000,8
210,META,74865014464,8
210,MSTR,15869700000,8
210,NVDA,22566018707,8
210,QQQ,74535972577,8
210,RDDT,151075174901171040000,18
210,SGOV,10116851865,8
210,SPCX,14864299999,8
210,SPY,77232802713,8
210,TSLA,37174710000,8
210,TSM,45203627384,8
211,AAPL,34145318048,8
211,COIN,19495499999,8
211,CRCL,8736000000,8
211,DELL,56337588961,8
211,GLD,388864242021356140000,18
211,GME,2345595000,8
211,GOOGL,34369663824,8
211,INTC,12341500000,8
211,META,74865014464,8
211,MSTR,15869700000,8
211,NVDA,22566018707,8
211,QQQ,74535972577,8
211,RDDT,151075174901171040000,18
211,SGOV,10116851865,8
211,SPCX,14864299999,8
211,SPY,77232802713,8
211,TSLA,37174710000,8
211,TSM,45203627384,8
212,AAPL,34145318048,8
212,COIN,19495499999,8
212,CRCL,8736000000,8
212,DELL,56337588961,8
212,GLD,388864242021356140000,18
212,GME,2345595000,8
212,GOOGL,34369663824,8
212,INTC,12341500000,8
212,META,74865014464,8
212,MSTR,15869700000,8
212,NVDA,22566018707,8
212,QQQ,74535972577,8
212,RDDT,151075174901171040000,18
212,SGOV,10116851865,8
212,SPCX,14864299999,8
212,SPY,77232802713,8
212,TSLA,37174710000,8
212,TSM,45203627384,8
213,AAPL,34145318048,8
213,COIN,19495499999,8
213,CRCL,8736000000,8
213,DELL,56337588961,8
213,GLD,388864242021356140000,18
213,GME,2345595000,8
213,GOOGL,34369663824,8
213,INTC,12341500000,8
213,META,74865014464,8
213,MSTR,15869700000,8
213,NVDA,22566018707,8
213,QQQ,74535972577,8
213,RDDT,151075174901171040000,18
213,SGOV,10116851865,8
213,SPCX,14864299999,8
213,SPY,77232802713,8
213,TSLA,37174710000,8
213,TSM,45203627384,8
214,AAPL,34145318048,8
214,COIN,19495499999,8
214,CRCL,8736000000,8
214,DELL,56337588961,8
214,GLD,388864242021356140000,18
214,GME,2345595000,8
214,GOOGL,34369663824,8
214,INTC,12341500000,8
214,META,74865014464,8
214,MSTR,15869700000,8
214,NVDA,22566018707,8
214,QQQ,74535972577,8
214,RDDT,151075174901171040000,18
214,SGOV,10116851865,8
214,SPCX,14864299999,8
214,SPY,77232802713,8
214,TSLA,37174710000,8
214,TSM,45203627384,8
215,AAPL,34145318048,8
215,COIN,19495499999,8
215,CRCL,8736000000,8
215,DELL,56337588961,8
215,GLD,388864242021356140000,18
215,GME,2345595000,8
215,GOOGL,34369663824,8
215,INTC,12341500000,8
215,META,74865014464,8
215,MSTR,15869700000,8
215,NVDA,22566018707,8
215,QQQ,74535972577,8
215,RDDT,151075174901171040000,18
215,SGOV,10116851865,8
215,SPCX,14864299999,8
215,SPY,77232802713,8
215,TSLA,37174710000,8
215,TSM,45203627384,8
216,AAPL,34145318048,8
216,COIN,19495499999,8
216,CRCL,8736000000,8
216,DELL,56337588961,8
216,GLD,388864242021356140000,18
216,GME,2345595000,8
216,GOOGL,34369663824,8
216,INTC,12341500000,8
216,META,74865014464,8
216,MSTR,15869700000,8
216,NVDA,22566018707,8
216,QQQ,74535972577,8
216,RDDT,151075174901171040000,18
216,SGOV,10116851865,8
216,SPCX,14864299999,8
216,SPY,77232802713,8
216,TSLA,37174710000,8
216,TSM,45203627384,8
217,AAPL,34145318048,8
217,COIN,19495499999,8
217,CRCL,8736000000,8
217,DELL,56337588961,8
217,GLD,388864242021356140000,18
217,GME,2345595000,8
217,GOOGL,34369663824,8
217,INTC,12341500000,8
217,META,74865014464,8
217,MSTR,15869700000,8
217,NVDA,22566018707,8
217,QQQ,74535972577,8
217,RDDT,151075174901171040000,18
217,SGOV,10116851865,8
217,SPCX,14864299999,8
217,SPY,77232802713,8
217,TSLA,37174710000,8
217,TSM,45203627384,8
218,AAPL,34145318048,8
218,COIN,19495499999,8
218,CRCL,8736000000,8
218,DELL,56337588961,8
218,GLD,388864242021356140000,18
218,GME,2345595000,8
218,GOOGL,34369663824,8
218,INTC,12341500000,8
218,META,74865014464,8
218,MSTR,15869700000,8
218,NVDA,22566018707,8
218,QQQ,74535972577,8
218,RDDT,151075174901171040000,18
218,SGOV,10116851865,8
218,SPCX,14864299999,8
218,SPY,77232802713,8
218,TSLA,37174710000,8
218,TSM,45203627384,8
219,AAPL,34145318048,8
219,COIN,19495499999,8
219,CRCL,8736000000,8
219,DELL,56337588961,8
219,GLD,388864242021356140000,18
219,GME,2345595000,8
219,GOOGL,34369663824,8
219,INTC,12341500000,8
219,META,74865014464,8
219,MSTR,15869700000,8
219,NVDA,22566018707,8
219,QQQ,74535972577,8
219,RDDT,151075174901171040000,18
219,SGOV,10116851865,8
219,SPCX,14864299999,8
219,SPY,77232802713,8
219,TSLA,37174710000,8
219,TSM,45203627384,8
220,AAPL,34145318048,8
220,COIN,19495499999,8
220,CRCL,8736000000,8
220,DELL,56337588961,8
220,GLD,388864242021356140000,18
220,GME,2345595000,8
220,GOOGL,34369663824,8
220,INTC,12341500000,8
220,META,74865014464,8
220,MSTR,15869700000,8
220,NVDA,22566018707,8
220,QQQ,74535972577,8
220,RDDT,151075174901171040000,18
220,SGOV,10116851865,8
220,SPCX,14864299999,8
220,SPY,77232802713,8
220,TSLA,37174710000,8
220,TSM,45203627384,8
221,AAPL,34145318048,8
221,COIN,19495499999,8
221,CRCL,8736000000,8
221,DELL,56337588961,8
221,GLD,388864242021356140000,18
221,GME,2345595000,8
221,GOOGL,34369663824,8
221,INTC,12341500000,8
221,META,74865014464,8
221,MSTR,15869700000,8
221,NVDA,22566018707,8
221,QQQ,74535972577,8
221,RDDT,151075174901171040000,18
221,SGOV,10116851865,8
221,SPCX,14864299999,8
221,SPY,77232802713,8
221,TSLA,37174710000,8
221,TSM,45203627384,8
222,AAPL,34145318048,8
222,COIN,19495499999,8
222,CRCL,8736000000,8
222,DELL,56337588961,8
222,GLD,388864242021356140000,18
222,GME,2345595000,8
222,GOOGL,34369663824,8
222,INTC,12341500000,8
222,META,74865014464,8
222,MSTR,15869700000,8
222,NVDA,22566018707,8
222,QQQ,74535972577,8
222,RDDT,151075174901171040000,18
222,SGOV,10116851865,8
222,SPCX,14864299999,8
222,SPY,77232802713,8
222,TSLA,37174710000,8
222,TSM,45203627384,8
223,AAPL,34145318048,8
223,COIN,19495499999,8
223,CRCL,8736000000,8
223,DELL,56337588961,8
223,GLD,388864242021356140000,18
223,GME,2345595000,8
223,GOOGL,34369663824,8
223,INTC,12341500000,8
223,META,74865014464,8
223,MSTR,15869700000,8
223,NVDA,22566018707,8
223,QQQ,74535972577,8
223,RDDT,151075174901171040000,18
223,SGOV,10116851865,8
223,SPCX,14864299999,8
223,SPY,77232802713,8
223,TSLA,37174710000,8
223,TSM,45203627384,8
224,AAPL,34145318048,8
224,COIN,19495499999,8
224,CRCL,8736000000,8
224,DELL,56337588961,8
224,GLD,388864242021356140000,18
224,GME,2345595000,8
224,GOOGL,34369663824,8
224,INTC,12341500000,8
224,META,74865014464,8
224,MSTR,15869700000,8
224,NVDA,22566018707,8
224,QQQ,74535972577,8
224,RDDT,151075174901171040000,18
224,SGOV,10116851865,8
224,SPCX,14864299999,8
224,SPY,77232802713,8
224,TSLA,37174710000,8
224,TSM,45203627384,8
225,AAPL,34145318048,8
225,COIN,19495499999,8
225,CRCL,8736000000,8
225,DELL,56337588961,8
225,GLD,388864242021356140000,18
225,GME,2345595000,8
225,GOOGL,34369663824,8
225,INTC,12341500000,8
225,META,74865014464,8
225,MSTR,15869700000,8
225,NVDA,22566018707,8
225,QQQ,74535972577,8
225,RDDT,151075174901171040000,18
225,SGOV,10116851865,8
225,SPCX,14864299999,8
225,SPY,77232802713,8
225,TSLA,37174710000,8
225,TSM,45203627384,8
226,AAPL,34145318048,8
226,COIN,19495499999,8
226,CRCL,8736000000,8
226,DELL,56337588961,8
226,GLD,388864242021356140000,18
226,GME,2345595000,8
226,GOOGL,34369663824,8
226,INTC,12341500000,8
226,META,74865014464,8
226,MSTR,15869700000,8
226,NVDA,22566018707,8
226,QQQ,74535972577,8
226,RDDT,151075174901171040000,18
226,SGOV,10116851865,8
226,SPCX,14864299999,8
226,SPY,77232802713,8
226,TSLA,37174710000,8
226,TSM,45203627384,8
227,AAPL,34145318048,8
227,COIN,19495499999,8
227,CRCL,8736000000,8
227,DELL,56337588961,8
227,GLD,388864242021356140000,18
227,GME,2345595000,8
227,GOOGL,34369663824,8
227,INTC,12341500000,8
227,META,74865014464,8
227,MSTR,15869700000,8
227,NVDA,22566018707,8
227,QQQ,74535972577,8
227,RDDT,151075174901171040000,18
227,SGOV,10116851865,8
227,SPCX,14864299999,8
227,SPY,77232802713,8
227,TSLA,37174710000,8
227,TSM,45203627384,8
228,AAPL,34145318048,8
228,COIN,19495499999,8
228,CRCL,8736000000,8
228,DELL,56337588961,8
228,GLD,388864242021356140000,18
228,GME,2345595000,8
228,GOOGL,34369663824,8
228,INTC,12341500000,8
228,META,74865014464,8
228,MSTR,15869700000,8
228,NVDA,22566018707,8
228,QQQ,74535972577,8
228,RDDT,151075174901171040000,18
228,SGOV,10116851865,8
228,SPCX,14864299999,8
228,SPY,77232802713,8
228,TSLA,37174710000,8
228,TSM,45203627384,8
229,AAPL,34145318048,8
229,COIN,19495499999,8
229,CRCL,8736000000,8
229,DELL,56337588961,8
229,GLD,388864242021356140000,18
229,GME,2345595000,8
229,GOOGL,34369663824,8
229,INTC,12341500000,8
229,META,74865014464,8
229,MSTR,15869700000,8
229,NVDA,22566018707,8
229,QQQ,74535972577,8
229,RDDT,151075174901171040000,18
229,SGOV,10116851865,8
229,SPCX,14864299999,8
229,SPY,77232802713,8
229,TSLA,37174710000,8
229,TSM,45203627384,8
230,AAPL,34145318048,8
230,COIN,19495499999,8
230,CRCL,8736000000,8
230,DELL,56337588961,8
230,GLD,388864242021356140000,18
230,GME,2345595000,8
230,GOOGL,34369663824,8
230,INTC,12341500000,8
230,META,74865014464,8
230,MSTR,15869700000,8
230,NVDA,22566018707,8
230,QQQ,74535972577,8
230,RDDT,151075174901171040000,18
230,SGOV,10116851865,8
230,SPCX,14864299999,8
230,SPY,77232802713,8
230,TSLA,37174710000,8
230,TSM,45203627384,8
231,AAPL,34145318048,8
231,COIN,19495499999,8
231,CRCL,8736000000,8
231,DELL,56337588961,8
231,GLD,388864242021356140000,18
231,GME,2345595000,8
231,GOOGL,34369663824,8
231,INTC,12341500000,8
231,META,74865014464,8
231,MSTR,15869700000,8
231,NVDA,22566018707,8
231,QQQ,74535972577,8
231,RDDT,151075174901171040000,18
231,SGOV,10116851865,8
231,SPCX,14864299999,8
231,SPY,77232802713,8
231,TSLA,37174710000,8
231,TSM,45203627384,8
232,AAPL,34145318048,8
232,COIN,19495499999,8
232,CRCL,8736000000,8
232,DELL,56337588961,8
232,GLD,388864242021356140000,18
232,GME,2345595000,8
232,GOOGL,34369663824,8
232,INTC,12341500000,8
232,META,74865014464,8
232,MSTR,15869700000,8
232,NVDA,22566018707,8
232,QQQ,74535972577,8
232,RDDT,151075174901171040000,18
232,SGOV,10116851865,8
232,SPCX,14864299999,8
232,SPY,77232802713,8
232,TSLA,37174710000,8
232,TSM,45203627384,8
233,AAPL,34145318048,8
233,COIN,19495499999,8
233,CRCL,8736000000,8
233,DELL,56337588961,8
233,GLD,388864242021356140000,18
233,GME,2345595000,8
233,GOOGL,34369663824,8
233,INTC,12341500000,8
233,META,74865014464,8
233,MSTR,15869700000,8
233,NVDA,22566018707,8
233,QQQ,74535972577,8
233,RDDT,151075174901171040000,18
233,SGOV,10116851865,8
233,SPCX,14864299999,8
233,SPY,77232802713,8
233,TSLA,37174710000,8
233,TSM,45203627384,8
234,AAPL,34145318048,8
234,COIN,19495499999,8
234,CRCL,8736000000,8
234,DELL,56337588961,8
234,GLD,388864242021356140000,18
234,GME,2345595000,8
234,GOOGL,34369663824,8
234,INTC,12341500000,8
234,META,74865014464,8
234,MSTR,15869700000,8
234,NVDA,22566018707,8
234,QQQ,74535972577,8
234,RDDT,151075174901171040000,18
234,SGOV,10116851865,8
234,SPCX,14864299999,8
234,SPY,77232802713,8
234,TSLA,37174710000,8
234,TSM,45203627384,8
235,AAPL,34145318048,8
235,COIN,19495499999,8
235,CRCL,8736000000,8
235,DELL,56337588961,8
235,GLD,388864242021356140000,18
235,GME,2345595000,8
235,GOOGL,34369663824,8
235,INTC,12341500000,8
235,META,74865014464,8
235,MSTR,15869700000,8
235,NVDA,22566018707,8
235,QQQ,74535972577,8
235,RDDT,151075174901171040000,18
235,SGOV,10116851865,8
235,SPCX,14864299999,8
235,SPY,77232802713,8
235,TSLA,37174710000,8
235,TSM,45203627384,8
236,AAPL,34145318048,8
236,COIN,19495499999,8
236,CRCL,8736000000,8
236,DELL,56337588961,8
236,GLD,388869760414360000000,18
236,GME,2345595000,8
236,GOOGL,34369663824,8
236,INTC,12341500000,8
236,META,74865014464,8
236,MSTR,15869700000,8
236,NVDA,22566018707,8
236,QQQ,74535972577,8
236,RDDT,151077318816960000000,18
236,SGOV,10116851865,8
236,SPCX,14864299999,8
236,SPY,77232802713,8
236,TSLA,37174710000,8
236,TSM,45203627384,8
237,AAPL,34145318048,8
237,COIN,19495499999,8
237,CRCL,8736000000,8
237,DELL,56337588961,8
237,GLD,388869760414360000000,18
237,GME,2345595000,8
237,GOOGL,34369663824,8
237,INTC,12341500000,8
237,META,74865014464,8
237,MSTR,15869700000,8
237,NVDA,22566018707,8
237,QQQ,74535972577,8
237,RDDT,151077318816960000000,18
237,SGOV,10116851865,8
237,SPCX,14864299999,8
237,SPY,77232802713,8
237,TSLA,37174710000,8
237,TSM,45203627384,8
238,AAPL,34145318048,8
238,COIN,19495499999,8
238,CRCL,8736000000,8
238,DELL,56337588961,8
238,GLD,388869760414360000000,18
238,GME,2345595000,8
238,GOOGL,34369663824,8
238,INTC,12341500000,8
238,META,74865014464,8
238,MSTR,15869700000,8
238,NVDA,22566018707,8
238,QQQ,74535972577,8
238,RDDT,151077318816960000000,18
238,SGOV,10116851865,8
238,SPCX,14864299999,8
238,SPY,77232802713,8
238,TSLA,37174710000,8
238,TSM,45203627384,8
239,AAPL,34145318048,8
239,COIN,19495499999,8
239,CRCL,8736000000,8
239,DELL,56337588961,8
239,GLD,388869760414360000000,18
239,GME,2345595000,8
239,GOOGL,34369663824,8
239,INTC,12341500000,8
239,META,74865014464,8
239,MSTR,15869700000,8
239,NVDA,22566018707,8
239,QQQ,74535972577,8
239,RDDT,151047107629740000000,18
239,SGOV,10116851865,8
239,SPCX,14864299999,8
239,SPY,77232802713,8
239,TSLA,37174710000,8
239,TSM,45203627384,8
240,AAPL,34145318048,8
240,COIN,19495499999,8
240,CRCL,8736000000,8
240,DELL,56337588961,8
240,GLD,388869760414360000000,18
240,GME,2345595000,8
240,GOOGL,34369663824,8
240,INTC,12341500000,8
240,META,74865014464,8
240,MSTR,15869700000,8
240,NVDA,22566018707,8
240,QQQ,74535972577,8
240,RDDT,151062212723380000000,18
240,SGOV,10116851865,8
240,SPCX,14864299999,8
240,SPY,77232802713,8
240,TSLA,37174710000,8
240,TSM,45203627384,8
241,AAPL,34145318048,8
241,COIN,19495499999,8
241,CRCL,8736000000,8
241,DELL,56337588961,8
241,GLD,388869760414360000000,18
241,GME,2345595000,8
241,GOOGL,34369663824,8
241,INTC,12341500000,8
241,META,74865014464,8
241,MSTR,15869700000,8
241,NVDA,22566018707,8
241,QQQ,74535972577,8
241,RDDT,151016902442160000000,18
241,SGOV,10116851865,8
241,SPCX,14864299999,8
241,SPY,77232802713,8
241,TSLA,37174710000,8
241,TSM,45203627384,8
242,AAPL,34145318048,8
242,COIN,19495499999,8
242,CRCL,8736000000,8
242,DELL,56337588961,8
242,GLD,388869760414360000000,18
242,GME,2345595000,8
242,GOOGL,34369663824,8
242,INTC,12341500000,8
242,META,74865014464,8
242,MSTR,15869700000,8
242,NVDA,22566018707,8
242,QQQ,74535972577,8
242,RDDT,151001802348220000000,18
242,SGOV,10116851865,8
242,SPCX,14864299999,8
242,SPY,77232802713,8
242,TSLA,37174710000,8
242,TSM,45203627384,8
243,AAPL,34145318048,8
243,COIN,19495499999,8
243,CRCL,8736000000,8
243,DELL,56337588961,8
243,GLD,388869760414360000000,18
243,GME,2345595000,8
243,GOOGL,34369663824,8
243,INTC,12341500000,8
243,META,74865014464,8
243,MSTR,15869700000,8
243,NVDA,22566018707,8
243,QQQ,74535972577,8
243,RDDT,150971607160040000000,18
243,SGOV,10116851865,8
243,SPCX,14864299999,8
243,SPY,77232802713,8
243,TSLA,37174710000,8
243,TSM,45203627384,8
244,AAPL,34145318048,8
244,COIN,19495499999,8
244,CRCL,8736000000,8
244,DELL,56337588961,8
244,GLD,388869760414360000000,18
244,GME,2345595000,8
244,GOOGL,34369663824,8
244,INTC,12341500000,8
244,META,74865014464,8
244,MSTR,15869700000,8
244,NVDA,22566018707,8
244,QQQ,74535972577,8
244,RDDT,150971607160040000000,18
244,SGOV,10116851865,8
244,SPCX,14864299999,8
244,SPY,77232802713,8
244,TSLA,37174710000,8
244,TSM,45203627384,8
245,AAPL,34145318048,8
245,COIN,19495499999,8
245,CRCL,8736000000,8
245,DELL,56337588961,8
245,GLD,388869760414360000000,18
245,GME,2345595000,8
245,GOOGL,34369663824,8
245,INTC,12341500000,8
245,META,74865014464,8
245,MSTR,15869700000,8
245,NVDA,22566018707,8
245,QQQ,74535972577,8
245,RDDT,150971607160040000000,18
245,SGOV,10116851865,8
245,SPCX,14864299999,8
245,SPY,77232802713,8
245,TSLA,37174710000,8
245,TSM,45203627384,8
